timestamp,kmax_cost,skype_cost,trks_cost
1477966200.0,852828.0,853632.0,630300.0
1477966210.0,862560.0,838836.0,625200.0
1477966220.0,876696.0,851526.0,624720.0
1477966230.0,877116.0,851958.0,613200.0
1477966240.0,862704.0,842778.0,604740.0
1477966250.0,864264.0,835272.0,604560.0
1477966260.0,871056.0,835704.0,599160.0
1477966270.0,865260.0,848178.0,594600.0
1477966280.0,863004.0,850662.0,588360.0
1477966290.0,856548.0,828414.0,563460.0
1477966300.0,845604.0,832464.0,565260.0
1477966310.0,856464.0,815076.0,538500.0
1477966320.0,840564.0,781380.0,579060.0
1477966330.0,846600.0,788778.0,579960.0
1477966340.0,837660.0,772038.0,586140.0
1477966350.0,830856.0,776574.0,599940.0
1477966360.0,825972.0,777114.0,607200.0
1477966370.0,831108.0,762966.0,660840.0
1477966380.0,840732.0,782460.0,610260.0
1477966390.0,822768.0,773496.0,651000.0
1477966400.0,817680.0,766260.0,648900.0
1477966410.0,814224.0,768744.0,648900.0
1477966420.0,833952.0,827766.0,677220.0
1477966430.0,846564.0,831870.0,677820.0
1477966440.0,838380.0,838350.0,624480.0
1477966450.0,841488.0,842346.0,669120.0
1477966460.0,864564.0,839646.0,670320.0
1477966470.0,858084.0,854550.0,685740.0
1477966480.0,857004.0,872424.0,686280.0
1477966490.0,847452.0,872424.0,686280.0
1477966500.0,846264.0,859950.0,693060.0
1477966510.0,831288.0,860436.0,693720.0
1477966520.0,825756.0,860976.0,694080.0
1477966530.0,820956.0,861192.0,697200.0
1477966540.0,825816.0,861624.0,701580.0
1477966550.0,829452.0,865080.0,701580.0
1477966560.0,857292.0,865404.0,708240.0
1477966570.0,849972.0,869562.0,717180.0
1477966580.0,848112.0,866160.0,718500.0
1477966590.0,844884.0,866160.0,719100.0
1477966600.0,847152.0,866484.0,719100.0
1477966610.0,857796.0,841590.0,736500.0
1477966620.0,828156.0,793584.0,695700.0
1477966630.0,823920.0,780732.0,650160.0
1477966640.0,808656.0,778086.0,616020.0
1477966650.0,806628.0,778896.0,601200.0
1477966660.0,800004.0,730674.0,604740.0
1477966670.0,792192.0,730674.0,610380.0
1477966680.0,779976.0,752166.0,606840.0
1477966690.0,778968.0,739422.0,606840.0
1477966700.0,772608.0,740934.0,607980.0
1477966710.0,751608.0,706158.0,608820.0
1477966720.0,757404.0,706698.0,609300.0
1477966730.0,766704.0,700218.0,600240.0
1477966740.0,765360.0,660744.0,607020.0
1477966750.0,773772.0,716040.0,601380.0
1477966760.0,793248.0,718524.0,601380.0
1477966770.0,816420.0,712044.0,667560.0
1477966780.0,810204.0,706590.0,667560.0
1477966790.0,783552.0,699030.0,668940.0
1477966800.0,784548.0,699786.0,653400.0
1477966810.0,768588.0,686988.0,653400.0
1477966820.0,762660.0,695844.0,655560.0
1477966830.0,753828.0,753570.0,654840.0
1477966840.0,766020.0,751788.0,655260.0
1477966850.0,769560.0,769392.0,623760.0
1477966860.0,769908.0,754002.0,657780.0
1477966870.0,764460.0,760104.0,618600.0
1477966880.0,770112.0,761778.0,626280.0
1477966890.0,778332.0,754434.0,618960.0
1477966900.0,766788.0,753678.0,620760.0
1477966910.0,750036.0,765126.0,631920.0
1477966920.0,745512.0,761562.0,631920.0
1477966930.0,763824.0,761022.0,632400.0
1477966940.0,748296.0,767340.0,633300.0
1477966950.0,750816.0,767340.0,633300.0
1477966960.0,755004.0,793368.0,633300.0
1477966970.0,737736.0,779004.0,658800.0
1477966980.0,747108.0,803628.0,658560.0
1477966990.0,734436.0,804492.0,662340.0
1477967000.0,749124.0,804384.0,636780.0
1477967010.0,761220.0,805680.0,657540.0
1477967020.0,764352.0,805680.0,657540.0
1477967030.0,740364.0,768042.0,657540.0
1477967040.0,741000.0,768042.0,654900.0
1477967050.0,726576.0,784296.0,654960.0
1477967060.0,724296.0,782568.0,662760.0
1477967070.0,739836.0,807246.0,655500.0
1477967080.0,772704.0,809730.0,627000.0
1477967090.0,778032.0,810162.0,609840.0
1477967100.0,779952.0,810486.0,543600.0
1477967110.0,768228.0,811782.0,543600.0
1477967120.0,751008.0,812052.0,586260.0
1477967130.0,740088.0,815022.0,586800.0
1477967140.0,759624.0,806814.0,638640.0
1477967150.0,754236.0,811890.0,621660.0
1477967160.0,747492.0,802386.0,622020.0
1477967170.0,727356.0,740556.0,615240.0
1477967180.0,698868.0,724248.0,558840.0
1477967190.0,694920.0,724464.0,529620.0
1477967200.0,680712.0,722304.0,531960.0
1477967210.0,692316.0,752976.0,537000.0
1477967220.0,690312.0,752976.0,606060.0
1477967230.0,692244.0,762804.0,610260.0
1477967240.0,696240.0,788940.0,589440.0
1477967250.0,694092.0,822744.0,589800.0
1477967260.0,705396.0,855900.0,593460.0
1477967270.0,681300.0,811026.0,574860.0
1477967280.0,687576.0,837054.0,574140.0
1477967290.0,710268.0,866268.0,569940.0
1477967300.0,706404.0,867618.0,566700.0
1477967310.0,712920.0,879660.0,568980.0
1477967320.0,709944.0,865782.0,568980.0
1477967330.0,732912.0,860490.0,569580.0
1477967340.0,734820.0,863136.0,589380.0
1477967350.0,721824.0,863946.0,604260.0
1477967360.0,743172.0,864486.0,605040.0
1477967370.0,742104.0,865566.0,608880.0
1477967380.0,741540.0,866268.0,606300.0
1477967390.0,746160.0,879660.0,606300.0
1477967400.0,733428.0,850068.0,580440.0
1477967410.0,736908.0,866376.0,588660.0
1477967420.0,718608.0,866700.0,589140.0
1477967430.0,721944.0,866484.0,589860.0
1477967440.0,733152.0,841266.0,592380.0
1477967450.0,739272.0,841806.0,592380.0
1477967460.0,753552.0,841806.0,639840.0
1477967470.0,769032.0,840996.0,637860.0
1477967480.0,775392.0,837108.0,637140.0
1477967490.0,797628.0,841698.0,634980.0
1477967500.0,812172.0,842454.0,630960.0
1477967510.0,828936.0,842724.0,631440.0
1477967520.0,819048.0,843966.0,631440.0
1477967530.0,801228.0,789048.0,625200.0
1477967540.0,806796.0,794340.0,625680.0
1477967550.0,799512.0,776736.0,598560.0
1477967560.0,825828.0,809568.0,599280.0
1477967570.0,832992.0,809568.0,601320.0
1477967580.0,828348.0,804276.0,602040.0
1477967590.0,842436.0,818802.0,602040.0
1477967600.0,859212.0,827658.0,630000.0
1477967610.0,859956.0,786024.0,629400.0
1477967620.0,864408.0,815616.0,628680.0
1477967630.0,874644.0,820368.0,627300.0
1477967640.0,863820.0,818478.0,579600.0
1477967650.0,851628.0,799902.0,566400.0
1477967660.0,846924.0,800280.0,539160.0
1477967670.0,841404.0,872586.0,613440.0
1477967680.0,833832.0,861354.0,617220.0
1477967690.0,850536.0,863676.0,618660.0
1477967700.0,845316.0,847314.0,582120.0
1477967710.0,838128.0,847314.0,582480.0
1477967720.0,840180.0,848556.0,582480.0
1477967730.0,841608.0,842022.0,590820.0
1477967740.0,828072.0,769392.0,590820.0
1477967750.0,825480.0,769878.0,572280.0
1477967760.0,833136.0,769878.0,556560.0
1477967770.0,824532.0,769878.0,544800.0
1477967780.0,829356.0,766692.0,544800.0
1477967790.0,833796.0,767448.0,544800.0
1477967800.0,826500.0,781812.0,548100.0
1477967810.0,871092.0,862218.0,547260.0
1477967820.0,880560.0,899100.0,579540.0
1477967830.0,881712.0,905688.0,594240.0
1477967840.0,889788.0,936144.0,614040.0
1477967850.0,892704.0,931878.0,644220.0
1477967860.0,918192.0,961578.0,648000.0
1477967870.0,896460.0,919242.0,622440.0
1477967880.0,890148.0,919674.0,603000.0
1477967890.0,899460.0,933444.0,603000.0
1477967900.0,893580.0,965628.0,556020.0
1477967910.0,881712.0,978102.0,556020.0
1477967920.0,869052.0,979236.0,594240.0
1477967930.0,870024.0,987282.0,594000.0
1477967940.0,889704.0,1003050.0,595260.0
1477967950.0,869616.0,986580.0,595740.0
1477967960.0,867960.0,980154.0,618720.0
1477967970.0,874572.0,970758.0,625740.0
1477967980.0,878448.0,975240.0,634560.0
1477967990.0,881952.0,969462.0,628500.0
1477968000.0,881844.0,934146.0,587280.0
1477968010.0,887424.0,923292.0,579840.0
1477968020.0,889056.0,921186.0,590520.0
1477968030.0,887232.0,931662.0,591960.0
1477968040.0,894876.0,930420.0,591480.0
1477968050.0,900960.0,936198.0,592020.0
1477968060.0,893664.0,936630.0,636420.0
1477968070.0,913572.0,989118.0,685200.0
1477968080.0,932952.0,1007316.0,689040.0
1477968090.0,914976.0,1049004.0,666720.0
1477968100.0,905040.0,1050300.0,717420.0
1477968110.0,873060.0,1028268.0,730440.0
1477968120.0,885936.0,1033290.0,728940.0
1477968130.0,899544.0,1030752.0,738600.0
1477968140.0,920088.0,1060560.0,754800.0
1477968150.0,924588.0,1083780.0,719580.0
1477968160.0,926496.0,1064772.0,716760.0
1477968170.0,936792.0,1074708.0,726720.0
1477968180.0,959796.0,1086804.0,692460.0
1477968190.0,967956.0,1087398.0,689700.0
1477968200.0,967512.0,1087722.0,689700.0
1477968210.0,963096.0,1088532.0,677880.0
1477968220.0,961032.0,1090152.0,682140.0
1477968230.0,952920.0,1074276.0,683820.0
1477968240.0,945372.0,1072818.0,687060.0
1477968250.0,949524.0,1072818.0,687060.0
1477968260.0,964632.0,1108512.0,687600.0
1477968270.0,956484.0,1118016.0,689220.0
1477968280.0,950472.0,1092852.0,680640.0
1477968290.0,917148.0,1012608.0,681180.0
1477968300.0,929016.0,1016928.0,681180.0
1477968310.0,944088.0,984366.0,700920.0
1477968320.0,941880.0,990360.0,686100.0
1477968330.0,955488.0,989550.0,676980.0
1477968340.0,966696.0,972162.0,681060.0
1477968350.0,959856.0,1012662.0,681060.0
1477968360.0,971268.0,1020006.0,651720.0
1477968370.0,957324.0,964386.0,585960.0
1477968380.0,957900.0,928206.0,589920.0
1477968390.0,955692.0,924858.0,585180.0
1477968400.0,928668.0,896130.0,592860.0
1477968410.0,940020.0,917730.0,594360.0
1477968420.0,959484.0,883980.0,595620.0
1477968430.0,959508.0,906768.0,595620.0
1477968440.0,958560.0,898452.0,602400.0
1477968450.0,965160.0,910710.0,591660.0
1477968460.0,967752.0,926964.0,606240.0
1477968470.0,977640.0,937872.0,616020.0
1477968480.0,983880.0,990306.0,616020.0
1477968490.0,972384.0,982098.0,583740.0
1477968500.0,980952.0,1014930.0,583740.0
1477968510.0,1007052.0,1020060.0,583740.0
1477968520.0,1011732.0,993492.0,681780.0
1477968530.0,1006320.0,990198.0,679920.0
1477968540.0,994200.0,1002780.0,621840.0
1477968550.0,1000956.0,1050138.0,621840.0
1477968560.0,1014708.0,1027458.0,608220.0
1477968570.0,999792.0,982098.0,608760.0
1477968580.0,983088.0,980100.0,605880.0
1477968590.0,989724.0,972810.0,606720.0
1477968600.0,1021884.0,969354.0,692520.0
1477968610.0,1021284.0,969624.0,692520.0
1477968620.0,1036920.0,958878.0,692520.0
1477968630.0,1026300.0,951966.0,692460.0
1477968640.0,1026588.0,940410.0,684780.0
1477968650.0,1039908.0,949050.0,688920.0
1477968660.0,1054872.0,946944.0,687300.0
1477968670.0,1055556.0,982584.0,687660.0
1477968680.0,1063788.0,996300.0,687660.0
1477968690.0,1078032.0,1026594.0,687660.0
1477968700.0,1075908.0,1040040.0,707160.0
1477968710.0,1080312.0,1030374.0,696180.0
1477968720.0,1080240.0,1042092.0,702480.0
1477968730.0,1091328.0,1049220.0,709260.0
1477968740.0,1117548.0,1082322.0,710040.0
1477968750.0,1116336.0,1019466.0,633300.0
1477968760.0,1117224.0,1020492.0,660000.0
1477968770.0,1114884.0,1029078.0,660600.0
1477968780.0,1110672.0,1021248.0,661140.0
1477968790.0,1123416.0,1021572.0,655500.0
1477968800.0,1152696.0,1044036.0,637320.0
1477968810.0,1170648.0,1053702.0,733980.0
1477968820.0,1186932.0,1070550.0,751980.0
1477968830.0,1154292.0,1075302.0,738840.0
1477968840.0,1191036.0,1106028.0,740100.0
1477968850.0,1202856.0,1106568.0,731160.0
1477968860.0,1194984.0,1121688.0,751260.0
1477968870.0,1192152.0,1120068.0,768600.0
1477968880.0,1184604.0,1121418.0,769200.0
1477968890.0,1176912.0,1112832.0,761460.0
1477968900.0,1177104.0,1112832.0,773340.0
1477968910.0,1167972.0,1074060.0,775440.0
1477968920.0,1160856.0,1078812.0,842040.0
1477968930.0,1183848.0,1091826.0,824640.0
1477968940.0,1177836.0,1109916.0,826680.0
1477968950.0,1247784.0,1180656.0,827400.0
1477968960.0,1233480.0,1193940.0,896100.0
1477968970.0,1263216.0,1243998.0,895620.0
1477968980.0,1254876.0,1222722.0,875760.0
1477968990.0,1244916.0,1217484.0,876300.0
1477969000.0,1248924.0,1218132.0,875520.0
1477969010.0,1252668.0,1247724.0,867180.0
1477969020.0,1259388.0,1235520.0,867960.0
1477969030.0,1269972.0,1244970.0,899160.0
1477969040.0,1255968.0,1248264.0,900540.0
1477969050.0,1245924.0,1226070.0,868500.0
1477969060.0,1234848.0,1193886.0,870120.0
1477969070.0,1251516.0,1199178.0,894000.0
1477969080.0,1233468.0,1193670.0,894600.0
1477969090.0,1236468.0,1159056.0,910740.0
1477969100.0,1258212.0,1161162.0,936780.0
1477969110.0,1245444.0,1130112.0,889260.0
1477969120.0,1228080.0,1113264.0,864300.0
1477969130.0,1206468.0,1064664.0,864300.0
1477969140.0,1235052.0,1064826.0,855840.0
1477969150.0,1237704.0,1042254.0,876420.0
1477969160.0,1248768.0,1033560.0,857100.0
1477969170.0,1250796.0,1022598.0,843480.0
1477969180.0,1237548.0,1017306.0,789720.0
1477969190.0,1214232.0,1005318.0,829440.0
1477969200.0,1210224.0,962712.0,829440.0
1477969210.0,1198380.0,998622.0,830400.0
1477969220.0,1184556.0,968382.0,830400.0
1477969230.0,1172004.0,962118.0,831600.0
1477969240.0,1173960.0,955800.0,831600.0
1477969250.0,1168920.0,958878.0,832500.0
1477969260.0,1161048.0,965844.0,850500.0
1477969270.0,1160940.0,966168.0,850980.0
1477969280.0,1160412.0,956826.0,868980.0
1477969290.0,1158168.0,973188.0,870000.0
1477969300.0,1164852.0,1003104.0,888780.0
1477969310.0,1161276.0,1009800.0,882360.0
1477969320.0,1146252.0,1041930.0,815700.0
1477969330.0,1145604.0,1040688.0,814440.0
1477969340.0,1086624.0,1053054.0,794700.0
1477969350.0,1092864.0,1055430.0,773280.0
1477969360.0,1070700.0,1023462.0,771240.0
1477969370.0,1042656.0,1022760.0,775800.0
1477969380.0,1018380.0,1031292.0,735960.0
1477969390.0,1020852.0,1088262.0,728760.0
1477969400.0,1018032.0,1086156.0,728760.0
1477969410.0,1026780.0,1087182.0,713820.0
1477969420.0,1014432.0,1083834.0,611520.0
1477969430.0,1014720.0,1084158.0,611520.0
1477969440.0,1007196.0,1083888.0,608100.0
1477969450.0,990540.0,1056888.0,607920.0
1477969460.0,988044.0,1002294.0,608520.0
1477969470.0,976596.0,1001754.0,608520.0
1477969480.0,964716.0,1001916.0,634740.0
1477969490.0,973032.0,1023192.0,663900.0
1477969500.0,968916.0,999000.0,662520.0
1477969510.0,945504.0,916974.0,671760.0
1477969520.0,929844.0,921726.0,650460.0
1477969530.0,926736.0,913842.0,650040.0
1477969540.0,941196.0,900990.0,643080.0
1477969550.0,913332.0,844776.0,643080.0
1477969560.0,910236.0,820368.0,649260.0
1477969570.0,931008.0,833328.0,666240.0
1477969580.0,932136.0,811728.0,662340.0
1477969590.0,929652.0,796770.0,672720.0
1477969600.0,933540.0,785052.0,705540.0
1477969610.0,923916.0,776412.0,705540.0
1477969620.0,909444.0,734454.0,691140.0
1477969630.0,900336.0,734886.0,668400.0
1477969640.0,890136.0,753192.0,670140.0
1477969650.0,914040.0,845748.0,679860.0
1477969660.0,909936.0,853254.0,647580.0
1477969670.0,920664.0,839430.0,685260.0
1477969680.0,892332.0,875880.0,598260.0
1477969690.0,885792.0,875988.0,606420.0
1477969700.0,899076.0,924642.0,590220.0
1477969710.0,906372.0,936198.0,590580.0
1477969720.0,896292.0,936846.0,590580.0
1477969730.0,880104.0,937332.0,590940.0
1477969740.0,892308.0,937062.0,590460.0
1477969750.0,900660.0,912492.0,594060.0
1477969760.0,883572.0,927342.0,595440.0
1477969770.0,857976.0,903690.0,595080.0
1477969780.0,860916.0,900072.0,595080.0
1477969790.0,884880.0,952884.0,595680.0
1477969800.0,871992.0,953262.0,606720.0
1477969810.0,869760.0,952020.0,614880.0
1477969820.0,863820.0,946782.0,613620.0
1477969830.0,863100.0,940356.0,614640.0
1477969840.0,873768.0,918648.0,626520.0
1477969850.0,870828.0,902718.0,655500.0
1477969860.0,873816.0,901746.0,665880.0
1477969870.0,868896.0,892404.0,668760.0
1477969880.0,869028.0,834840.0,726360.0
1477969890.0,851508.0,742014.0,727020.0
1477969900.0,854880.0,737586.0,745440.0
1477969910.0,864264.0,753786.0,746040.0
1477969920.0,847212.0,718470.0,740040.0
1477969930.0,831840.0,718362.0,700320.0
1477969940.0,821724.0,685098.0,718560.0
1477969950.0,827388.0,704322.0,726360.0
1477969960.0,828456.0,704322.0,770700.0
1477969970.0,817680.0,700650.0,766140.0
1477969980.0,838752.0,678402.0,807840.0
1477969990.0,834672.0,686934.0,779400.0
1477970000.0,830976.0,688230.0,769800.0
1477970010.0,819396.0,688554.0,711960.0
1477970020.0,816528.0,688878.0,746100.0
1477970030.0,814860.0,671598.0,770220.0
1477970040.0,814428.0,706698.0,700620.0
1477970050.0,802284.0,725706.0,714420.0
1477970060.0,809424.0,726138.0,733440.0
1477970070.0,811668.0,723222.0,733800.0
1477970080.0,811872.0,751032.0,715620.0
1477970090.0,820452.0,749466.0,716220.0
1477970100.0,827820.0,748818.0,704700.0
1477970110.0,837816.0,759294.0,727320.0
1477970120.0,827520.0,796230.0,727680.0
1477970130.0,842904.0,783054.0,768000.0
1477970140.0,847164.0,801792.0,768540.0
1477970150.0,851220.0,808380.0,766920.0
1477970160.0,840564.0,807570.0,774180.0
1477970170.0,852648.0,815400.0,786900.0
1477970180.0,848244.0,906606.0,789840.0
1477970190.0,847068.0,929448.0,789840.0
1477970200.0,856824.0,933876.0,790200.0
1477970210.0,858228.0,934308.0,792060.0
1477970220.0,853500.0,935280.0,784800.0
1477970230.0,852636.0,928962.0,787620.0
1477970240.0,860016.0,928962.0,788340.0
1477970250.0,834432.0,930150.0,769320.0
1477970260.0,834156.0,914868.0,771120.0
1477970270.0,817812.0,914868.0,779700.0
1477970280.0,805488.0,882306.0,726420.0
1477970290.0,803652.0,885600.0,713640.0
1477970300.0,819576.0,897318.0,744660.0
1477970310.0,823512.0,918810.0,739140.0
1477970320.0,832200.0,919242.0,739140.0
1477970330.0,838068.0,925884.0,734760.0
1477970340.0,833892.0,925884.0,756240.0
1477970350.0,820248.0,926856.0,751560.0
1477970360.0,813936.0,890028.0,738960.0
1477970370.0,803292.0,885708.0,737340.0
1477970380.0,793236.0,916434.0,709740.0
1477970390.0,810180.0,979884.0,736560.0
1477970400.0,816732.0,979884.0,737400.0
1477970410.0,796872.0,959040.0,726240.0
1477970420.0,773448.0,918270.0,691260.0
1477970430.0,773604.0,925722.0,691860.0
1477970440.0,751260.0,922104.0,703800.0
1477970450.0,749388.0,922320.0,681000.0
1477970460.0,752556.0,903096.0,681600.0
1477970470.0,742008.0,896454.0,678840.0
1477970480.0,748512.0,908226.0,681780.0
1477970490.0,754812.0,907146.0,711240.0
1477970500.0,759012.0,907146.0,709980.0
1477970510.0,749100.0,923616.0,683100.0
1477970520.0,742716.0,929448.0,658980.0
1477970530.0,743904.0,912546.0,633000.0
1477970540.0,739956.0,882792.0,633000.0
1477970550.0,763716.0,904068.0,633360.0
1477970560.0,760812.0,904068.0,647400.0
1477970570.0,761016.0,878310.0,618660.0
1477970580.0,777744.0,878634.0,626460.0
1477970590.0,790176.0,906066.0,623640.0
1477970600.0,802176.0,899046.0,624000.0
1477970610.0,796440.0,898884.0,624180.0
1477970620.0,786684.0,882684.0,618000.0
1477970630.0,773748.0,882306.0,615120.0
1477970640.0,789744.0,888138.0,615120.0
1477970650.0,796788.0,887058.0,615840.0
1477970660.0,802212.0,887058.0,624180.0
1477970670.0,801264.0,856386.0,637080.0
1477970680.0,822000.0,821556.0,637080.0
1477970690.0,817968.0,784242.0,598800.0
1477970700.0,812940.0,801144.0,590220.0
1477970710.0,804192.0,852120.0,582000.0
1477970720.0,824808.0,852444.0,572100.0
1477970730.0,826344.0,837972.0,584400.0
1477970740.0,809076.0,802224.0,586800.0
1477970750.0,815316.0,809244.0,586800.0
1477970760.0,815028.0,809244.0,586800.0
1477970770.0,825408.0,799254.0,591900.0
1477970780.0,810360.0,748386.0,588240.0
1477970790.0,793692.0,729378.0,562800.0
1477970800.0,798924.0,731106.0,562800.0
1477970810.0,808524.0,730890.0,562800.0
1477970820.0,798648.0,715662.0,563460.0
1477970830.0,791604.0,712044.0,564060.0
1477970840.0,771108.0,684990.0,548460.0
1477970850.0,761268.0,661878.0,548460.0
1477970860.0,760752.0,712962.0,537420.0
1477970870.0,764088.0,672840.0,537780.0
1477970880.0,786492.0,677592.0,538680.0
1477970890.0,785460.0,677592.0,494100.0
1477970900.0,786684.0,673272.0,490440.0
1477970910.0,781596.0,673272.0,488400.0
1477970920.0,771168.0,622188.0,487800.0
1477970930.0,770832.0,625644.0,485400.0
1477970940.0,765564.0,624996.0,477060.0
1477970950.0,769488.0,622890.0,490320.0
1477970960.0,771168.0,647136.0,471720.0
1477970970.0,786528.0,647136.0,471720.0
1477970980.0,810312.0,647406.0,475020.0
1477970990.0,796356.0,648324.0,461100.0
1477971000.0,809532.0,632016.0,454560.0
1477971010.0,807432.0,635256.0,458940.0
1477971020.0,787536.0,642114.0,458940.0
1477971030.0,788676.0,621324.0,461760.0
1477971040.0,784296.0,607770.0,389100.0
1477971050.0,778548.0,610200.0,389100.0
1477971060.0,770100.0,604368.0,412560.0
1477971070.0,760620.0,605718.0,414180.0
1477971080.0,767064.0,610632.0,414180.0
1477971090.0,749988.0,632232.0,414180.0
1477971100.0,748932.0,626292.0,419100.0
1477971110.0,749880.0,625104.0,411300.0
1477971120.0,731244.0,632232.0,408000.0
1477971130.0,727584.0,632664.0,408240.0
1477971140.0,725700.0,608418.0,417540.0
1477971150.0,737496.0,673596.0,417540.0
1477971160.0,752016.0,647352.0,417540.0
1477971170.0,752568.0,647892.0,419820.0
1477971180.0,733380.0,648324.0,419880.0
1477971190.0,720264.0,655776.0,422580.0
1477971200.0,720732.0,669978.0,397980.0
1477971210.0,722916.0,677646.0,415980.0
1477971220.0,713928.0,706266.0,418200.0
1477971230.0,721080.0,709938.0,418200.0
1477971240.0,720120.0,712098.0,418200.0
1477971250.0,738852.0,712422.0,418200.0
1477971260.0,739776.0,712854.0,418200.0
1477971270.0,742824.0,712854.0,425100.0
1477971280.0,749196.0,712584.0,469740.0
1477971290.0,776364.0,749736.0,505260.0
1477971300.0,800796.0,830520.0,601860.0
1477971310.0,802284.0,832734.0,601860.0
1477971320.0,828072.0,847746.0,597960.0
1477971330.0,822600.0,848880.0,568380.0
1477971340.0,836208.0,898722.0,604260.0
1477971350.0,839916.0,891648.0,594960.0
1477971360.0,851412.0,840348.0,588960.0
1477971370.0,866940.0,841752.0,588960.0
1477971380.0,858456.0,829980.0,586560.0
1477971390.0,865968.0,929232.0,588060.0
1477971400.0,865644.0,924750.0,573960.0
1477971410.0,849552.0,924750.0,574140.0
1477971420.0,865236.0,893592.0,600720.0
1477971430.0,866280.0,894186.0,601260.0
1477971440.0,867252.0,894294.0,601260.0
1477971450.0,867996.0,888624.0,601260.0
1477971460.0,872268.0,911358.0,601260.0
1477971470.0,882816.0,1017414.0,556620.0
1477971480.0,873816.0,1006830.0,559740.0
1477971490.0,891432.0,1055430.0,584400.0
1477971500.0,877428.0,1011906.0,622800.0
1477971510.0,896244.0,1058994.0,631080.0
1477971520.0,905856.0,1113966.0,581280.0
1477971530.0,907644.0,1116774.0,576180.0
1477971540.0,915672.0,1116396.0,573480.0
1477971550.0,920304.0,1123740.0,578820.0
1477971560.0,938472.0,1141992.0,586020.0
1477971570.0,965940.0,1139508.0,573120.0
1477971580.0,962352.0,1125630.0,570300.0
1477971590.0,960492.0,1131786.0,552840.0
1477971600.0,948084.0,1132596.0,553320.0
1477971610.0,950544.0,1133082.0,553320.0
1477971620.0,963468.0,1150200.0,548940.0
1477971630.0,957768.0,1111374.0,553860.0
1477971640.0,948984.0,1036962.0,541860.0
1477971650.0,951048.0,1032480.0,553320.0
1477971660.0,940056.0,1023570.0,562380.0
1477971670.0,928920.0,992952.0,611340.0
1477971680.0,930720.0,986040.0,623520.0
1477971690.0,909636.0,1018872.0,623640.0
1477971700.0,917352.0,1019088.0,624480.0
1477971710.0,915468.0,1047330.0,627240.0
1477971720.0,914880.0,1056726.0,627240.0
1477971730.0,906024.0,1055052.0,618960.0
1477971740.0,888984.0,1123308.0,629820.0
1477971750.0,895968.0,1123308.0,625620.0
1477971760.0,920124.0,1146960.0,655260.0
1477971770.0,932676.0,1141614.0,655980.0
1477971780.0,903660.0,1141506.0,663420.0
1477971790.0,908424.0,1135350.0,659340.0
1477971800.0,907932.0,1142262.0,659340.0
1477971810.0,899604.0,1143018.0,710340.0
1477971820.0,899748.0,1156518.0,715740.0
1477971830.0,898716.0,1156518.0,729720.0
1477971840.0,912492.0,1225476.0,752940.0
1477971850.0,919932.0,1242972.0,703440.0
1477971860.0,926952.0,1240380.0,703440.0
1477971870.0,930792.0,1245510.0,708720.0
1477971880.0,913188.0,1265922.0,695460.0
1477971890.0,936072.0,1257714.0,688740.0
1477971900.0,945744.0,1262628.0,691200.0
1477971910.0,941436.0,1266300.0,678900.0
1477971920.0,948912.0,1200582.0,690540.0
1477971930.0,918084.0,1099980.0,700260.0
1477971940.0,914532.0,1104030.0,701280.0
1477971950.0,927156.0,1117908.0,735600.0
1477971960.0,917748.0,1092798.0,747120.0
1477971970.0,925224.0,1091448.0,769020.0
1477971980.0,942996.0,1123740.0,790920.0
1477971990.0,938628.0,1129410.0,810120.0
1477972000.0,957072.0,1125252.0,811920.0
1477972010.0,963252.0,1143234.0,802140.0
1477972020.0,973680.0,1191834.0,850740.0
1477972030.0,995928.0,1230984.0,909420.0
1477972040.0,998208.0,1237950.0,908520.0
1477972050.0,1024932.0,1232442.0,908280.0
1477972060.0,1017300.0,1177308.0,922320.0
1477972070.0,1023960.0,1191996.0,922140.0
1477972080.0,1022748.0,1199826.0,911940.0
1477972090.0,1036632.0,1180170.0,913260.0
1477972100.0,1052736.0,1156950.0,913920.0
1477972110.0,1084884.0,1195182.0,964440.0
1477972120.0,1094400.0,1195614.0,1027560.0
1477972130.0,1067676.0,1028052.0,991860.0
1477972140.0,1069608.0,1029402.0,994560.0
1477972150.0,1059708.0,1055646.0,994020.0
1477972160.0,1050708.0,1046790.0,981540.0
1477972170.0,1048128.0,1077084.0,1018800.0
1477972180.0,1037652.0,1081782.0,991860.0
1477972190.0,1053372.0,1091610.0,989340.0
1477972200.0,1061832.0,1092150.0,977640.0
1477972210.0,1049112.0,1060668.0,1016460.0
1477972220.0,1020420.0,977832.0,1008720.0
1477972230.0,992292.0,925344.0,1007280.0
1477972240.0,1007856.0,947268.0,999840.0
1477972250.0,1009776.0,973512.0,998880.0
1477972260.0,1020324.0,985230.0,993480.0
1477972270.0,1026816.0,983826.0,988140.0
1477972280.0,1023024.0,980154.0,966840.0
1477972290.0,1015104.0,980694.0,959940.0
1477972300.0,1020588.0,957528.0,958560.0
1477972310.0,1026096.0,963360.0,957180.0
1477972320.0,996696.0,925992.0,962100.0
1477972330.0,1000212.0,964386.0,939060.0
1477972340.0,999372.0,971730.0,942540.0
1477972350.0,991752.0,987660.0,950280.0
1477972360.0,993348.0,1002294.0,962160.0
1477972370.0,996264.0,998946.0,1002660.0
1477972380.0,999456.0,992088.0,1017240.0
1477972390.0,1007808.0,1004940.0,1016520.0
1477972400.0,999828.0,1014444.0,990480.0
1477972410.0,1014048.0,963468.0,934860.0
1477972420.0,1024032.0,991602.0,925620.0
1477972430.0,1020636.0,964926.0,925380.0
1477972440.0,1039380.0,979236.0,913260.0
1477972450.0,1064172.0,1063584.0,970140.0
1477972460.0,1087572.0,1068066.0,949800.0
1477972470.0,1097268.0,1042038.0,951360.0
1477972480.0,1098276.0,1040202.0,969420.0
1477972490.0,1105884.0,1062288.0,960600.0
1477972500.0,1092552.0,1025946.0,913320.0
1477972510.0,1089480.0,979668.0,856440.0
1477972520.0,1095696.0,965574.0,851100.0
1477972530.0,1081872.0,967086.0,851100.0
1477972540.0,1072068.0,972918.0,833040.0
1477972550.0,1060632.0,965952.0,822360.0
1477972560.0,1069392.0,981720.0,799140.0
1477972570.0,1077444.0,978210.0,815820.0
1477972580.0,1071276.0,985878.0,795000.0
1477972590.0,1080372.0,973566.0,775740.0
1477972600.0,1057656.0,996894.0,793860.0
1477972610.0,1069200.0,1020924.0,782640.0
1477972620.0,1060956.0,1039716.0,802920.0
1477972630.0,1097724.0,1042308.0,802920.0
1477972640.0,1092024.0,1049868.0,806220.0
1477972650.0,1122084.0,1049868.0,806220.0
1477972660.0,1128936.0,1060560.0,812760.0
1477972670.0,1107348.0,1050732.0,794640.0
1477972680.0,1114500.0,1056834.0,779280.0
1477972690.0,1095168.0,1052676.0,781080.0
1477972700.0,1076988.0,1075140.0,759180.0
1477972710.0,1065648.0,1081080.0,758040.0
1477972720.0,1090380.0,1143936.0,763200.0
1477972730.0,1087452.0,1153008.0,763200.0
1477972740.0,1077984.0,1140372.0,807360.0
1477972750.0,1088160.0,1123254.0,772440.0
1477972760.0,1116684.0,1106406.0,764700.0
1477972770.0,1112160.0,1070226.0,769200.0
1477972780.0,1108956.0,1100304.0,674100.0
1477972790.0,1117500.0,1099062.0,676860.0
1477972800.0,1115628.0,1093338.0,626460.0
1477972810.0,1106256.0,1087344.0,615000.0
1477972820.0,1093824.0,1073466.0,606660.0
1477972830.0,1079256.0,1071360.0,609060.0
1477972840.0,1092312.0,1083132.0,579180.0
1477972850.0,1106832.0,1073736.0,587460.0
1477972860.0,1099908.0,1070064.0,619920.0
1477972870.0,1072416.0,1074438.0,619860.0
1477972880.0,1080312.0,1058670.0,623940.0
1477972890.0,1071612.0,1074816.0,640740.0
1477972900.0,1084500.0,1083672.0,584820.0
1477972910.0,1072776.0,1093770.0,579900.0
1477972920.0,1078524.0,1115316.0,581640.0
1477972930.0,1064268.0,1062558.0,566700.0
1477972940.0,1069020.0,1050516.0,566520.0
1477972950.0,1067232.0,1072818.0,563040.0
1477972960.0,1047660.0,1048302.0,560940.0
1477972970.0,1033416.0,1049976.0,556740.0
1477972980.0,1040652.0,1055484.0,562020.0
1477972990.0,1046232.0,1055268.0,568320.0
1477973000.0,1034892.0,1037826.0,585600.0
1477973010.0,1032468.0,1036476.0,596280.0
1477973020.0,1020408.0,960984.0,625800.0
1477973030.0,1024752.0,970812.0,617520.0
1477973040.0,1035084.0,974484.0,619260.0
1477973050.0,1042248.0,999702.0,616860.0
1477973060.0,1045896.0,998568.0,611520.0
1477973070.0,1046184.0,993384.0,619740.0
1477973080.0,1032996.0,982692.0,624300.0
1477973090.0,1016076.0,968166.0,613200.0
1477973100.0,1010676.0,980316.0,618420.0
1477973110.0,1014552.0,1028700.0,608580.0
1477973120.0,1035768.0,1028376.0,621060.0
1477973130.0,1038312.0,1041714.0,606900.0
1477973140.0,1046400.0,998676.0,606840.0
1477973150.0,1033116.0,1050840.0,605100.0
1477973160.0,1025748.0,1040742.0,569820.0
1477973170.0,1042512.0,1006344.0,562440.0
1477973180.0,1034808.0,1004400.0,550560.0
1477973190.0,1038912.0,1015254.0,545280.0
1477973200.0,1045200.0,993276.0,528540.0
1477973210.0,1042080.0,991602.0,544380.0
1477973220.0,1033656.0,990900.0,539220.0
1477973230.0,1045980.0,993438.0,524640.0
1477973240.0,1044048.0,1028862.0,518340.0
1477973250.0,1043004.0,1034586.0,501120.0
1477973260.0,1042068.0,1074762.0,477840.0
1477973270.0,1076088.0,1077408.0,513300.0
1477973280.0,1095816.0,1076274.0,518760.0
1477973290.0,1104552.0,1070766.0,543540.0
1477973300.0,1105944.0,1036584.0,541740.0
1477973310.0,1110972.0,1046088.0,521460.0
1477973320.0,1092972.0,1035288.0,526020.0
1477973330.0,1094364.0,1080756.0,533640.0
1477973340.0,1097628.0,1075032.0,517440.0
1477973350.0,1070088.0,1072980.0,487920.0
1477973360.0,1079496.0,1081620.0,463140.0
1477973370.0,1078128.0,1083780.0,458580.0
1477973380.0,1088640.0,1079082.0,457020.0
1477973390.0,1073832.0,1081512.0,453720.0
1477973400.0,1062816.0,1081944.0,451740.0
1477973410.0,1074648.0,1103544.0,407580.0
1477973420.0,1073424.0,1108890.0,396900.0
1477973430.0,1073184.0,1111050.0,394140.0
1477973440.0,1095828.0,1100412.0,399420.0
1477973450.0,1095984.0,1120176.0,398280.0
1477973460.0,1100352.0,1130976.0,398880.0
1477973470.0,1078872.0,979884.0,419460.0
1477973480.0,1071564.0,963792.0,426540.0
1477973490.0,1072812.0,944568.0,428280.0
1477973500.0,1063692.0,922050.0,443340.0
1477973510.0,1045428.0,913086.0,451620.0
1477973520.0,1062552.0,923724.0,456420.0
1477973530.0,1030020.0,877230.0,439140.0
1477973540.0,1020264.0,877932.0,440700.0
1477973550.0,1017228.0,877932.0,405240.0
1477973560.0,1000992.0,811782.0,397020.0
1477973570.0,1002444.0,809730.0,413340.0
1477973580.0,993132.0,808434.0,392760.0
1477973590.0,996024.0,804708.0,388260.0
1477973600.0,991284.0,764802.0,371460.0
1477973610.0,978816.0,762210.0,372480.0
1477973620.0,977220.0,755460.0,372720.0
1477973630.0,968100.0,697302.0,373920.0
1477973640.0,953640.0,689958.0,410640.0
1477973650.0,952872.0,716634.0,421800.0
1477973660.0,962316.0,772956.0,432000.0
1477973670.0,948156.0,772956.0,436680.0
1477973680.0,936624.0,770796.0,431400.0
1477973690.0,918000.0,775332.0,435720.0
1477973700.0,906816.0,758862.0,427440.0
1477973710.0,907968.0,788292.0,394980.0
1477973720.0,893940.0,791424.0,473040.0
1477973730.0,898176.0,783864.0,489540.0
1477973740.0,903732.0,787212.0,491340.0
1477973750.0,902904.0,768906.0,495960.0
1477973760.0,907152.0,768798.0,502560.0
1477973770.0,881388.0,753354.0,503160.0
1477973780.0,885420.0,713178.0,498360.0
1477973790.0,899220.0,707832.0,535980.0
1477973800.0,890268.0,726840.0,531900.0
1477973810.0,872916.0,736020.0,539820.0
1477973820.0,863400.0,730296.0,544620.0
1477973830.0,870948.0,726462.0,539160.0
1477973840.0,873168.0,727650.0,559140.0
1477973850.0,859296.0,770310.0,557400.0
1477973860.0,839784.0,783540.0,573720.0
1477973870.0,840600.0,784404.0,561240.0
1477973880.0,823860.0,808272.0,556920.0
1477973890.0,826704.0,813942.0,551700.0
1477973900.0,834744.0,845964.0,547140.0
1477973910.0,856416.0,924804.0,552480.0
1477973920.0,852228.0,908280.0,551880.0
1477973930.0,854388.0,893646.0,536820.0
1477973940.0,872784.0,894186.0,570000.0
1477973950.0,868260.0,938952.0,532380.0
1477973960.0,856512.0,915192.0,544620.0
1477973970.0,867252.0,928476.0,544920.0
1477973980.0,873372.0,956826.0,543180.0
1477973990.0,880056.0,974808.0,544500.0
1477974000.0,884028.0,970272.0,543480.0
1477974010.0,880872.0,985176.0,541920.0
1477974020.0,872796.0,944082.0,526080.0
1477974030.0,849768.0,943704.0,536580.0
1477974040.0,844812.0,920808.0,535260.0
1477974050.0,851880.0,924696.0,578520.0
1477974060.0,818940.0,921834.0,566280.0
1477974070.0,816708.0,888570.0,561480.0
1477974080.0,801240.0,840186.0,565440.0
1477974090.0,779688.0,816804.0,571740.0
1477974100.0,789768.0,867672.0,564660.0
1477974110.0,781524.0,865512.0,557040.0
1477974120.0,777792.0,834732.0,546540.0
1477974130.0,784032.0,843534.0,541860.0
1477974140.0,812400.0,801090.0,541260.0
1477974150.0,803820.0,804654.0,543180.0
1477974160.0,803256.0,802332.0,576000.0
1477974170.0,809328.0,821502.0,576060.0
1477974180.0,813948.0,820962.0,577320.0
1477974190.0,799800.0,813888.0,588600.0
1477974200.0,797292.0,807570.0,595080.0
1477974210.0,805548.0,822636.0,588480.0
1477974220.0,799308.0,823392.0,600480.0
1477974230.0,803760.0,811242.0,603300.0
1477974240.0,805212.0,829494.0,606360.0
1477974250.0,803676.0,826956.0,612240.0
1477974260.0,794016.0,865944.0,614100.0
1477974270.0,803532.0,911520.0,536040.0
1477974280.0,780756.0,877770.0,544740.0
1477974290.0,795816.0,915894.0,542940.0
1477974300.0,794004.0,905256.0,549060.0
1477974310.0,783228.0,912438.0,550320.0
1477974320.0,798132.0,918432.0,546360.0
1477974330.0,822204.0,898884.0,600420.0
1477974340.0,810264.0,896940.0,592500.0
1477974350.0,817152.0,888300.0,582300.0
1477974360.0,809316.0,908172.0,594720.0
1477974370.0,805308.0,914274.0,551460.0
1477974380.0,824880.0,923778.0,535140.0
1477974390.0,825816.0,912276.0,534900.0
1477974400.0,826800.0,920160.0,572400.0
1477974410.0,814200.0,938952.0,561240.0
1477974420.0,820320.0,940734.0,555900.0
1477974430.0,824892.0,941004.0,565680.0
1477974440.0,817608.0,939600.0,559560.0
1477974450.0,822324.0,945810.0,543060.0
1477974460.0,822360.0,932796.0,541860.0
1477974470.0,816636.0,951804.0,541560.0
1477974480.0,802776.0,947646.0,525240.0
1477974490.0,798396.0,937872.0,525720.0
1477974500.0,796728.0,946080.0,534240.0
1477974510.0,800484.0,937224.0,557520.0
1477974520.0,795900.0,932688.0,571440.0
1477974530.0,789156.0,929988.0,560160.0
1477974540.0,791904.0,920484.0,579840.0
1477974550.0,789888.0,915138.0,543120.0
1477974560.0,772896.0,924912.0,555120.0
1477974570.0,768048.0,907470.0,556620.0
1477974580.0,778044.0,923076.0,556980.0
1477974590.0,760428.0,891432.0,552360.0
1477974600.0,759072.0,910440.0,570060.0
1477974610.0,758472.0,902988.0,647520.0
1477974620.0,740544.0,912708.0,627540.0
1477974630.0,741900.0,911844.0,637320.0
1477974640.0,739356.0,902826.0,636060.0
1477974650.0,765204.0,901044.0,655440.0
1477974660.0,759012.0,907794.0,659820.0
1477974670.0,748008.0,915624.0,666540.0
1477974680.0,735516.0,870426.0,672120.0
1477974690.0,758592.0,918918.0,678120.0
1477974700.0,759252.0,915570.0,671820.0
1477974710.0,759444.0,915570.0,702660.0
1477974720.0,761556.0,886140.0,690240.0
1477974730.0,760788.0,908874.0,714000.0
1477974740.0,765540.0,908172.0,714480.0
1477974750.0,759564.0,865512.0,700560.0
1477974760.0,753276.0,844074.0,708420.0
1477974770.0,735816.0,891864.0,675240.0
1477974780.0,738876.0,894780.0,673320.0
1477974790.0,741852.0,875772.0,713940.0
1477974800.0,712560.0,828036.0,715980.0
1477974810.0,711420.0,828252.0,710100.0
1477974820.0,714540.0,834030.0,732600.0
1477974830.0,723528.0,810162.0,742200.0
1477974840.0,736128.0,783486.0,742140.0
1477974850.0,718536.0,791316.0,744420.0
1477974860.0,711660.0,795582.0,742560.0
1477974870.0,715440.0,839916.0,688500.0
1477974880.0,736344.0,911952.0,657660.0
1477974890.0,730704.0,919350.0,649800.0
1477974900.0,738912.0,926532.0,648300.0
1477974910.0,730992.0,926640.0,652080.0
1477974920.0,716460.0,928584.0,645600.0
1477974930.0,717324.0,918594.0,633600.0
1477974940.0,719316.0,934146.0,600780.0
1477974950.0,721008.0,904554.0,601020.0
1477974960.0,720276.0,894996.0,649320.0
1477974970.0,714780.0,909144.0,665340.0
1477974980.0,709584.0,872100.0,645960.0
1477974990.0,708444.0,905256.0,644700.0
1477975000.0,726396.0,905148.0,646500.0
1477975010.0,723912.0,905148.0,642120.0
1477975020.0,722904.0,904122.0,642540.0
1477975030.0,724944.0,911844.0,650760.0
1477975040.0,718872.0,918864.0,654120.0
1477975050.0,710184.0,911304.0,616620.0
1477975060.0,712020.0,913032.0,624840.0
1477975070.0,699948.0,857466.0,631920.0
1477975080.0,707172.0,864972.0,635640.0
1477975090.0,709020.0,865728.0,638880.0
1477975100.0,716004.0,865944.0,639000.0
1477975110.0,695976.0,853146.0,636180.0
1477975120.0,705336.0,851202.0,634140.0
1477975130.0,713640.0,891054.0,636600.0
1477975140.0,707988.0,862812.0,636840.0
1477975150.0,710616.0,865350.0,559380.0
1477975160.0,706980.0,897102.0,550680.0
1477975170.0,706812.0,883494.0,550200.0
1477975180.0,694380.0,820314.0,552480.0
1477975190.0,688488.0,812538.0,552660.0
1477975200.0,694032.0,819288.0,558840.0
1477975210.0,707040.0,870534.0,555780.0
1477975220.0,720864.0,883818.0,538080.0
1477975230.0,724404.0,894834.0,514800.0
1477975240.0,735000.0,895968.0,514380.0
1477975250.0,731340.0,897318.0,513900.0
1477975260.0,736956.0,889596.0,510180.0
1477975270.0,729792.0,881766.0,543780.0
1477975280.0,751932.0,990360.0,594720.0
1477975290.0,754260.0,980964.0,584940.0
1477975300.0,754152.0,980964.0,585660.0
1477975310.0,756492.0,972702.0,573660.0
1477975320.0,755712.0,960660.0,581460.0
1477975330.0,771528.0,937656.0,572940.0
1477975340.0,790356.0,954720.0,577500.0
1477975350.0,781176.0,943164.0,633540.0
1477975360.0,784056.0,940572.0,642120.0
1477975370.0,804372.0,940572.0,635400.0
1477975380.0,810948.0,946512.0,648780.0
1477975390.0,810732.0,939330.0,649020.0
1477975400.0,810852.0,933984.0,646740.0
1477975410.0,814404.0,944514.0,649920.0
1477975420.0,812520.0,930852.0,678780.0
1477975430.0,804132.0,922320.0,627840.0
1477975440.0,789528.0,900666.0,629880.0
1477975450.0,785652.0,888408.0,688680.0
1477975460.0,784008.0,890298.0,716580.0
1477975470.0,778644.0,865458.0,722580.0
1477975480.0,784668.0,900666.0,721860.0
1477975490.0,780024.0,911412.0,702180.0
1477975500.0,793164.0,904662.0,696180.0
1477975510.0,807168.0,912492.0,697020.0
1477975520.0,826668.0,903852.0,687420.0
1477975530.0,839640.0,871452.0,758220.0
1477975540.0,827976.0,861732.0,729360.0
1477975550.0,831624.0,866268.0,744720.0
1477975560.0,842736.0,874044.0,744360.0
1477975570.0,843312.0,873288.0,767220.0
1477975580.0,841860.0,864972.0,757440.0
1477975590.0,845808.0,864594.0,765540.0
1477975600.0,865116.0,820746.0,762300.0
1477975610.0,870084.0,803088.0,765480.0
1477975620.0,859572.0,805518.0,768660.0
1477975630.0,873888.0,823230.0,766860.0
1477975640.0,887976.0,845478.0,773520.0
1477975650.0,881064.0,825012.0,775560.0
1477975660.0,899868.0,846612.0,769980.0
1477975670.0,903660.0,852552.0,774360.0
1477975680.0,904920.0,865566.0,733740.0
1477975690.0,925416.0,910548.0,677700.0
1477975700.0,945588.0,974052.0,681000.0
1477975710.0,934176.0,968220.0,672780.0
1477975720.0,931296.0,969138.0,691200.0
1477975730.0,926652.0,988308.0,657600.0
1477975740.0,929016.0,1019628.0,733140.0
1477975750.0,921516.0,1032534.0,717120.0
1477975760.0,894540.0,895644.0,731700.0
1477975770.0,906576.0,900558.0,734160.0
1477975780.0,892116.0,897912.0,735720.0
1477975790.0,895992.0,882576.0,743100.0
1477975800.0,902724.0,892836.0,734880.0
1477975810.0,905124.0,931500.0,750240.0
1477975820.0,905388.0,900720.0,752760.0
1477975830.0,920664.0,877716.0,825780.0
1477975840.0,914256.0,880578.0,817680.0
1477975850.0,924660.0,879498.0,822300.0
1477975860.0,949104.0,887760.0,826080.0
1477975870.0,946956.0,872424.0,826140.0
1477975880.0,979956.0,864540.0,836820.0
1477975890.0,987096.0,875934.0,788520.0
1477975900.0,967920.0,877932.0,805920.0
1477975910.0,968604.0,878688.0,820440.0
1477975920.0,965268.0,936198.0,823020.0
1477975930.0,980640.0,923292.0,829140.0
1477975940.0,979452.0,935118.0,827100.0
1477975950.0,978348.0,891378.0,811740.0
1477975960.0,985476.0,888084.0,832140.0
1477975970.0,979236.0,852984.0,828960.0
1477975980.0,988332.0,914382.0,821160.0
1477975990.0,979212.0,913680.0,817380.0
1477976000.0,994812.0,912924.0,815100.0
1477976010.0,1030548.0,919296.0,806520.0
1477976020.0,1033788.0,916542.0,806280.0
1477976030.0,1018104.0,914490.0,799620.0
1477976040.0,1011300.0,898884.0,796260.0
1477976050.0,1004508.0,899640.0,830280.0
1477976060.0,1011408.0,899964.0,830040.0
1477976070.0,993912.0,900882.0,833220.0
1477976080.0,1022940.0,901422.0,846000.0
1477976090.0,1027104.0,895428.0,845940.0
1477976100.0,1040976.0,887220.0,856980.0
1477976110.0,1056528.0,902340.0,850860.0
1477976120.0,1059768.0,907578.0,827100.0
1477976130.0,1075056.0,905850.0,825060.0
1477976140.0,1086396.0,906930.0,791040.0
1477976150.0,1097388.0,906174.0,798120.0
1477976160.0,1099524.0,899424.0,791040.0
1477976170.0,1093416.0,908496.0,812340.0
1477976180.0,1091760.0,926262.0,809880.0
1477976190.0,1103400.0,928044.0,817740.0
1477976200.0,1100136.0,919944.0,813960.0
1477976210.0,1106088.0,922104.0,791100.0
1477976220.0,1123812.0,956286.0,791160.0
1477976230.0,1170888.0,1106190.0,778380.0
1477976240.0,1170780.0,1119312.0,705360.0
1477976250.0,1164588.0,1118988.0,768300.0
1477976260.0,1168968.0,1147662.0,773220.0
1477976270.0,1174488.0,1146150.0,750720.0
1477976280.0,1175820.0,1130274.0,764700.0
1477976290.0,1216164.0,1201554.0,813060.0
1477976300.0,1226412.0,1225962.0,821100.0
1477976310.0,1272636.0,1255662.0,886500.0
1477976320.0,1266840.0,1256796.0,827700.0
1477976330.0,1247496.0,1269702.0,859320.0
1477976340.0,1257360.0,1274562.0,917340.0
1477976350.0,1281840.0,1279800.0,923700.0
1477976360.0,1291788.0,1274940.0,942060.0
1477976370.0,1297836.0,1287792.0,942120.0
1477976380.0,1294308.0,1284444.0,876720.0
1477976390.0,1311516.0,1284984.0,869340.0
1477976400.0,1316904.0,1282068.0,869220.0
1477976410.0,1302744.0,1300374.0,876240.0
1477976420.0,1284108.0,1396656.0,871680.0
1477976430.0,1265076.0,1409778.0,853320.0
1477976440.0,1262172.0,1371870.0,842280.0
1477976450.0,1267536.0,1385100.0,877560.0
1477976460.0,1265832.0,1353186.0,849660.0
1477976470.0,1228860.0,1314846.0,843660.0
1477976480.0,1218048.0,1318248.0,823260.0
1477976490.0,1201284.0,1324458.0,760320.0
1477976500.0,1222308.0,1382994.0,760080.0
1477976510.0,1240884.0,1396494.0,764880.0
1477976520.0,1224108.0,1333584.0,764820.0
1477976530.0,1218864.0,1314576.0,751440.0
1477976540.0,1209372.0,1318464.0,803460.0
1477976550.0,1201572.0,1319652.0,812640.0
1477976560.0,1179948.0,1325376.0,812580.0
1477976570.0,1184928.0,1317114.0,806400.0
1477976580.0,1187148.0,1326348.0,791820.0
1477976590.0,1169520.0,1231254.0,797160.0
1477976600.0,1160280.0,1176876.0,796980.0
1477976610.0,1158300.0,1176282.0,810120.0
1477976620.0,1161816.0,1174230.0,826680.0
1477976630.0,1157232.0,1167534.0,811320.0
1477976640.0,1161108.0,1168182.0,814740.0
1477976650.0,1174548.0,1165806.0,813900.0
1477976660.0,1161264.0,1124442.0,814140.0
1477976670.0,1138176.0,1099062.0,831060.0
1477976680.0,1122624.0,1079946.0,823200.0
1477976690.0,1104264.0,1087128.0,820680.0
1477976700.0,1111908.0,1082106.0,816060.0
1477976710.0,1114140.0,1083294.0,740520.0
1477976720.0,1095744.0,1051326.0,754200.0
1477976730.0,1091784.0,1078812.0,756360.0
1477976740.0,1096080.0,1131084.0,788400.0
1477976750.0,1085604.0,1137834.0,785220.0
1477976760.0,1073712.0,1126494.0,714420.0
1477976770.0,1036536.0,1058616.0,709080.0
1477976780.0,1046964.0,1068390.0,706620.0
1477976790.0,1024512.0,1076652.0,705060.0
1477976800.0,1027224.0,1074654.0,704820.0
1477976810.0,1014708.0,1044198.0,706140.0
1477976820.0,1013040.0,1069254.0,696960.0
1477976830.0,1017864.0,1059480.0,693780.0
1477976840.0,1015620.0,1066986.0,703680.0
1477976850.0,1019088.0,1072548.0,685260.0
1477976860.0,1009380.0,1066770.0,670740.0
1477976870.0,1006092.0,1060776.0,669420.0
1477976880.0,985584.0,1062990.0,672060.0
1477976890.0,989784.0,1057752.0,672480.0
1477976900.0,985308.0,1052136.0,680700.0
1477976910.0,978228.0,1032912.0,688620.0
1477976920.0,999012.0,1007856.0,689400.0
1477976930.0,991176.0,1000026.0,686820.0
1477976940.0,1000644.0,1001484.0,678900.0
1477976950.0,1007124.0,997488.0,620880.0
1477976960.0,1002864.0,987984.0,617580.0
1477976970.0,997476.0,974484.0,612660.0
1477976980.0,1000584.0,965412.0,604440.0
1477976990.0,998220.0,964062.0,597360.0
1477977000.0,1001100.0,950724.0,628080.0
