timestamp,latency,count,ratio
1477929600,<10ms,419,1.0
1477929600,>100ms,0,0.0
1477929600,10-100ms,0,0.0
1477929900,10-100ms,0,0.0
1477929900,>100ms,20,0.006317119393556538
1477929900,<10ms,3146,0.9936828806064435
1477930200,10-100ms,0,0.0
1477930200,>100ms,0,0.0
1477930200,<10ms,4295,1.0
1477930500,>100ms,0,0.0
1477930500,10-100ms,0,0.0
1477930500,<10ms,5564,1.0
1477930800,>100ms,0,0.0
1477930800,<10ms,5807,1.0
1477930800,10-100ms,0,0.0
1477931100,>100ms,0,0.0
1477931100,<10ms,7438,1.0
1477931100,10-100ms,0,0.0
1477931400,<10ms,7858,1.0
1477931400,10-100ms,0,0.0
1477931400,>100ms,0,0.0
1477931700,<10ms,6929,1.0
1477931700,10-100ms,0,0.0
1477931700,>100ms,0,0.0
1477932000,>100ms,0,0.0
1477932000,10-100ms,0,0.0
1477932000,<10ms,5930,1.0
1477932300,10-100ms,12,0.0016027781487912382
1477932300,<10ms,7475,0.9983972218512087
1477932300,>100ms,0,0.0
1477932600,<10ms,6118,1.0
1477932600,>100ms,0,0.0
1477932600,10-100ms,0,0.0
1477932900,10-100ms,198,0.022461712989222917
1477932900,<10ms,8594,0.9749290981281906
1477932900,>100ms,23,0.0026091888825865
1477933200,<10ms,5512,0.9879906793332138
1477933200,>100ms,0,0.0
1477933200,10-100ms,67,0.012009320666786163
1477933500,>100ms,0,0.0
1477933500,<10ms,9054,0.9248212461695607
1477933500,10-100ms,736,0.07517875383043922
1477933800,10-100ms,500,0.07578053955744164
1477933800,>100ms,0,0.0
1477933800,<10ms,6098,0.9242194604425583
1477934100,10-100ms,492,0.06626262626262626
1477934100,<10ms,6933,0.9337373737373738
1477934100,>100ms,0,0.0
1477934400,10-100ms,326,0.04878778808739898
1477934400,>100ms,0,0.0
1477934400,<10ms,6356,0.951212211912601
1477934700,<10ms,3901,0.8263079855962719
1477934700,>100ms,0,0.0
1477934700,10-100ms,820,0.17369201440372803
1477935000,10-100ms,382,0.07089829250185598
1477935000,>100ms,0,0.0
1477935000,<10ms,5006,0.929101707498144
1477935300,10-100ms,1366,0.26858041683051515
1477935300,<10ms,3720,0.7314195831694849
1477935300,>100ms,0,0.0
1477935600,10-100ms,333,0.0583596214511041
1477935600,>100ms,0,0.0
1477935600,<10ms,5373,0.9416403785488959
1477935900,>100ms,0,0.0
1477935900,10-100ms,457,0.12754674853474743
1477935900,<10ms,3126,0.8724532514652525
1477936200,10-100ms,1816,0.26760978485116416
1477936200,>100ms,0,0.0
1477936200,<10ms,4970,0.7323902151488358
1477936500,>100ms,45,0.007046664578766051
1477936500,<10ms,4778,0.7481991857187598
1477936500,10-100ms,1563,0.24475414970247417
1477936800,<10ms,4310,0.8893933140734627
1477936800,10-100ms,536,0.11060668592653736
1477936800,>100ms,0,0.0
1477937100,<10ms,4423,0.6873348873348873
1477937100,10-100ms,2012,0.31266511266511265
1477937100,>100ms,0,0.0
1477937400,<10ms,3861,0.8735294117647059
1477937400,10-100ms,559,0.1264705882352941
1477937400,>100ms,0,0.0
1477937700,<10ms,3689,0.8956057295460063
1477937700,10-100ms,430,0.10439427045399369
1477937700,>100ms,0,0.0
1477938000,10-100ms,987,0.21749669457910975
1477938000,>100ms,0,0.0
1477938000,<10ms,3551,0.7825033054208903
1477938300,<10ms,2451,0.7325164375373581
1477938300,>100ms,0,0.0
1477938300,10-100ms,895,0.26748356246264193
1477938600,10-100ms,1303,0.4210016155088853
1477938600,>100ms,0,0.0
1477938600,<10ms,1792,0.5789983844911147
1477938900,>100ms,0,0.0
1477938900,10-100ms,943,0.38758734073160706
1477938900,<10ms,1490,0.612412659268393
1477939200,>100ms,0,0.0
1477939200,10-100ms,1433,0.2834817012858556
1477939200,<10ms,3622,0.7165182987141444
1477939500,>100ms,0,0.0
1477939500,10-100ms,1427,0.32490892531876137
1477939500,<10ms,2965,0.6750910746812386
1477939800,>100ms,0,0.0
1477939800,10-100ms,1482,0.289906103286385
1477939800,<10ms,3630,0.710093896713615
1477940100,>100ms,0,0.0
1477940100,<10ms,2192,0.6385085930672881
1477940100,10-100ms,1241,0.3614914069327119
1477940400,<10ms,2509,0.9299481097108969
1477940400,10-100ms,189,0.07005189028910304
1477940400,>100ms,0,0.0
1477940700,>100ms,0,0.0
1477940700,<10ms,2805,0.6890198968312454
1477940700,10-100ms,1266,0.31098010316875463
1477941000,<10ms,2089,0.632072617246596
1477941000,10-100ms,1216,0.3679273827534039
1477941000,>100ms,0,0.0
1477941300,>100ms,0,0.0
1477941300,10-100ms,1019,0.3274421593830334
1477941300,<10ms,2093,0.6725578406169666
1477941600,>100ms,0,0.0
1477941600,10-100ms,1514,0.3905081248387929
1477941600,<10ms,2363,0.6094918751612071
1477941900,10-100ms,370,0.12457912457912458
1477941900,<10ms,2600,0.8754208754208754
1477941900,>100ms,0,0.0
1477942200,<10ms,1574,0.7368913857677902
1477942200,>100ms,0,0.0
1477942200,10-100ms,562,0.2631086142322097
1477942500,<10ms,1067,0.6761723700887199
1477942500,>100ms,0,0.0
1477942500,10-100ms,511,0.3238276299112801
1477942800,>100ms,0,0.0
1477942800,10-100ms,620,0.3052683407188577
1477942800,<10ms,1411,0.6947316592811423
1477943100,>100ms,0,0.0
1477943100,10-100ms,742,0.3693379790940767
1477943100,<10ms,1267,0.6306620209059234
1477943400,10-100ms,2027,0.44325388147824185
1477943400,>100ms,0,0.0
1477943400,<10ms,2546,0.5567461185217581
1477943700,>100ms,0,0.0
1477943700,<10ms,2676,0.5202177293934681
1477943700,10-100ms,2468,0.4797822706065319
1477944000,>100ms,0,0.0
1477944000,<10ms,2062,0.593210586881473
1477944000,10-100ms,1414,0.40678941311852707
1477944300,10-100ms,1368,0.2756952841596131
1477944300,>100ms,0,0.0
1477944300,<10ms,3594,0.7243047158403869
1477944600,>100ms,0,0.0
1477944600,<10ms,1999,0.6286163522012579
1477944600,10-100ms,1181,0.3713836477987421
1477944900,>100ms,0,0.0
1477944900,<10ms,3337,0.6508679539691827
1477944900,10-100ms,1790,0.34913204603081727
1477945200,>100ms,0,0.0
1477945200,<10ms,2531,0.5312762384550798
1477945200,10-100ms,2233,0.46872376154492024
1477945500,>100ms,0,0.0
1477945500,<10ms,2418,0.5739378115357228
1477945500,10-100ms,1795,0.42606218846427724
1477945800,>100ms,0,0.0
1477945800,10-100ms,1138,0.2958918356734269
1477945800,<10ms,2708,0.7041081643265731
1477946100,10-100ms,1194,0.6485605649103748
1477946100,<10ms,647,0.3514394350896252
1477946100,>100ms,0,0.0
1477946400,10-100ms,687,0.24079915878023134
1477946400,<10ms,2166,0.7592008412197687
1477946400,>100ms,0,0.0
1477946700,10-100ms,1528,0.5078099036224659
1477946700,<10ms,1481,0.4921900963775341
1477946700,>100ms,0,0.0
1477947000,10-100ms,787,0.2403053435114504
1477947000,<10ms,2488,0.7596946564885496
1477947000,>100ms,0,0.0
1477947300,<10ms,1928,0.7914614121510674
1477947300,>100ms,0,0.0
1477947300,10-100ms,508,0.20853858784893267
1477947600,10-100ms,809,0.4026879044300647
1477947600,<10ms,1200,0.5973120955699353
1477947600,>100ms,0,0.0
1477947900,>100ms,0,0.0
1477947900,10-100ms,1725,0.5307692307692308
1477947900,<10ms,1525,0.46923076923076923
1477948200,>100ms,0,0.0
1477948200,10-100ms,692,0.5714285714285714
1477948200,<10ms,519,0.42857142857142855
1477948500,>100ms,0,0.0
1477948500,10-100ms,1367,0.5083674228337672
1477948500,<10ms,1322,0.4916325771662328
1477948800,<10ms,2413,0.8544617563739377
1477948800,>100ms,0,0.0
1477948800,10-100ms,411,0.14553824362606232
1477949100,<10ms,1812,0.7023255813953488
1477949100,10-100ms,566,0.2193798449612403
1477949100,>100ms,202,0.07829457364341086
1477949400,>100ms,0,0.0
1477949400,10-100ms,1119,0.5834202294056309
1477949400,<10ms,799,0.4165797705943691
1477949700,>100ms,0,0.0
1477949700,10-100ms,1405,0.4092630352461404
1477949700,<10ms,2028,0.5907369647538596
1477950000,>100ms,0,0.0
1477950000,10-100ms,1239,0.4412393162393162
1477950000,<10ms,1569,0.5587606837606838
1477950300,>100ms,0,0.0
1477950300,10-100ms,784,0.2528216704288939
1477950300,<10ms,2317,0.7471783295711061
1477950600,10-100ms,641,0.40880102040816324
1477950600,<10ms,927,0.5911989795918368
1477950600,>100ms,0,0.0
1477950900,10-100ms,885,0.3162973552537527
1477950900,<10ms,1913,0.6837026447462473
1477950900,>100ms,0,0.0
1477951200,10-100ms,755,0.28982725527831094
1477951200,<10ms,1671,0.6414587332053743
1477951200,>100ms,179,0.06871401151631477
1477951500,10-100ms,969,0.49489274770173647
1477951500,<10ms,857,0.4376915219611849
1477951500,>100ms,132,0.06741573033707865
1477951800,10-100ms,2449,0.6908321579689704
1477951800,<10ms,1096,0.3091678420310296
1477951800,>100ms,0,0.0
1477952100,<10ms,2365,0.6316773504273504
1477952100,>100ms,0,0.0
1477952100,10-100ms,1379,0.3683226495726496
1477952400,>100ms,0,0.0
1477952400,10-100ms,2364,0.3717565654977198
1477952400,<10ms,3995,0.6282434345022803
1477952700,<10ms,4550,0.5280259951259139
1477952700,>100ms,0,0.0
1477952700,10-100ms,4067,0.4719740048740861
1477953000,<10ms,4117,0.4725123378859176
1477953000,>100ms,161,0.018478136118443705
1477953000,10-100ms,4435,0.5090095259956386
1477953300,10-100ms,1591,0.3659153633854646
1477953300,<10ms,2757,0.6340846366145354
1477953300,>100ms,0,0.0
1477953600,<10ms,5199,0.7144427648756355
1477953600,>100ms,0,0.0
1477953600,10-100ms,2078,0.28555723512436443
1477953900,10-100ms,1146,0.26882477128782545
1477953900,<10ms,3117,0.7311752287121746
1477953900,>100ms,0,0.0
1477954200,>100ms,0,0.0
1477954200,10-100ms,2678,0.360527732902531
1477954200,<10ms,4750,0.6394722670974691
1477954500,10-100ms,6050,0.5523600839952525
1477954500,<10ms,4273,0.3901214279192915
1477954500,>100ms,630,0.05751848808545604
1477954800,10-100ms,1649,0.294674767691208
1477954800,<10ms,3495,0.6245532523230879
1477954800,>100ms,452,0.08077197998570407
1477955100,>100ms,373,0.0351555136663525
1477955100,10-100ms,3217,0.3032045240339303
1477955100,<10ms,7020,0.6616399622997172
1477955400,>100ms,120,0.011048706380627936
1477955400,<10ms,4148,0.38191695055703895
1477955400,10-100ms,6593,0.6070343430623332
1477955700,10-100ms,4636,0.35785411038209186
1477955700,<10ms,6892,0.5319953685835584
1477955700,>100ms,1427,0.11015052103434968
1477956000,10-100ms,6884,0.34586012861736337
1477956000,<10ms,12173,0.6115856109324759
1477956000,>100ms,847,0.04255426045016077
1477956300,>100ms,1857,0.08102447750774466
1477956300,10-100ms,10099,0.44063877132510143
1477956300,<10ms,10963,0.4783367511671539
1477956600,>100ms,611,0.02750270075621174
1477956600,10-100ms,10074,0.4534569679510263
1477956600,<10ms,11531,0.519040331292762
1477956900,10-100ms,9865,0.355751893256401
1477956900,<10ms,16277,0.5869816083663902
1477956900,>100ms,1588,0.0572664983772088
1477957200,10-100ms,12515,0.4083330614375673
1477957200,<10ms,17313,0.5648797676922575
1477957200,>100ms,821,0.02678717087017521
1477957500,>100ms,1736,0.04129105915372357
1477957500,10-100ms,15705,0.37354613134172154
1477957500,<10ms,24602,0.5851628095045549
1477957800,>100ms,1425,0.04336711403268511
1477957800,<10ms,17473,0.5317569006969172
1477957800,10-100ms,13961,0.42487598527039777
1477958100,10-100ms,17286,0.40330370266675997
1477958100,<10ms,23702,0.5529968969459416
1477958100,>100ms,1873,0.04369940038729848
1477958400,>100ms,2353,0.06200100129113857
1477958400,10-100ms,13810,0.3638902795710258
1477958400,<10ms,21788,0.5741087191378357
1477958700,<10ms,29181,0.6082162657884864
1477958700,>100ms,3766,0.07849430989203385
1477958700,10-100ms,15031,0.31328942431947976
1477959000,10-100ms,13673,0.38683302212414417
1477959000,<10ms,19378,0.5482374243195836
1477959000,>100ms,2295,0.06492955355627228
1477959300,10-100ms,14257,0.32433969561162046
1477959300,<10ms,26426,0.6011784243692699
1477959300,>100ms,3274,0.07448188001910959
1477959600,10-100ms,10193,0.30181807414426154
1477959600,<10ms,22510,0.6665284851356154
1477959600,>100ms,1069,0.03165344072012318
1477959900,10-100ms,15354,0.39362165765119084
1477959900,<10ms,20338,0.5213935960212269
1477959900,>100ms,3315,0.08498474632758223
1477960200,>100ms,4839,0.10862196682304878
1477960200,<10ms,23774,0.5336595658712878
1477960200,10-100ms,15936,0.3577184673056634
1477960500,10-100ms,16251,0.3937345544410525
1477960500,<10ms,20394,0.49411251635412123
1477960500,>100ms,4629,0.11215292920482628
1477960800,10-100ms,14458,0.3029566456425623
1477960800,<10ms,27582,0.5779603126375124
1477960800,>100ms,5683,0.1190830417199254
1477961100,10-100ms,21085,0.3841738940310473
1477961100,<10ms,29138,0.5309015377887909
1477961100,>100ms,4661,0.0849245681801618
1477961400,<10ms,26395,0.3868419509907375
1477961400,>100ms,11131,0.16313459960136006
1477961400,10-100ms,30706,0.45002344940790245
1477961700,10-100ms,24499,0.3337920322633386
1477961700,<10ms,38447,0.523829636492452
1477961700,>100ms,10450,0.14237833124420948
1477962000,10-100ms,14828,0.24545198722087036
1477962000,<10ms,38030,0.6295211137044578
1477962000,>100ms,7553,0.12502689907467182
1477962300,10-100ms,16902,0.2751290023277392
1477962300,<10ms,36910,0.6008171503914834
1477962300,>100ms,7621,0.12405384728077744
1477962600,>100ms,7143,0.11061727630315607
1477962600,10-100ms,16303,0.2524700343791619
1477962600,<10ms,41128,0.6369126893176821
1477962900,<10ms,31485,0.5962842316578918
1477962900,>100ms,7232,0.13696450892011666
1477962900,10-100ms,14085,0.26675125942199157
1477963200,>100ms,7044,0.12959010964750903
1477963200,<10ms,33059,0.6081941276032085
1477963200,10-100ms,14253,0.2622157627492825
1477963500,<10ms,23385,0.4880925048527478
1477963500,10-100ms,16983,0.35446974598735154
1477963500,>100ms,7543,0.15743774915990064
1477963800,10-100ms,13471,0.2927269171429192
1477963800,<10ms,24797,0.5388426519481084
1477963800,>100ms,7751,0.1684304309089724
1477964100,<10ms,29731,0.5407897848191062
1477964100,10-100ms,16711,0.30396347563526566
1477964100,>100ms,8535,0.15524673954562818
1477964400,10-100ms,21495,0.3633735672989147
1477964400,<10ms,28774,0.4864252628731785
1477964400,>100ms,8885,0.15020116982790682
1477964700,10-100ms,18826,0.30748877092690896
1477964700,<10ms,31343,0.5119314005716619
1477964700,>100ms,11056,0.18057982850142915
1477965000,<10ms,40711,0.5062423835459723
1477965000,>100ms,13892,0.17274739486184684
1477965000,10-100ms,25815,0.32101022159218084
1477965300,10-100ms,21778,0.29197334727640806
1477965300,<10ms,39090,0.5240719140892088
1477965300,>100ms,13721,0.18395473863438308
1477965600,10-100ms,14243,0.21644251956538257
1477965600,<10ms,41275,0.627231973254312
1477965600,>100ms,10287,0.15632550718030544
1477965900,>100ms,12955,0.20148998382481026
1477965900,10-100ms,14287,0.2222066691551574
1477965900,<10ms,37054,0.5763033470200324
1477966200,>100ms,13122,0.21521707041052304
1477966200,10-100ms,14579,0.23911367699398076
1477966200,<10ms,33270,0.5456692525954963
1477966500,10-100ms,13775,0.23311108102619643
1477966500,<10ms,33953,0.5745786231638801
1477966500,>100ms,11364,0.1923102958099235
1477966800,10-100ms,12677,0.24966027926029502
1477966800,<10ms,27351,0.5386493885026685
1477966800,>100ms,10749,0.21169033223703645
1477967100,>100ms,13065,0.22760927509973694
1477967100,<10ms,32938,0.5738227557011202
1477967100,10-100ms,11398,0.19856796919914288
1477967400,10-100ms,15004,0.25861831218974074
1477967400,<10ms,26544,0.4575289575289575
1477967400,>100ms,16468,0.2838527302813017
1477967700,10-100ms,15392,0.27331486611265005
1477967700,<10ms,28795,0.5113111726685133
1477967700,>100ms,12129,0.21537396121883656
1477968000,<10ms,38390,0.5153435175987328
1477968000,>100ms,18828,0.25274518753188174
1477968000,10-100ms,17276,0.23191129486938544
1477968300,>100ms,24497,0.2935565435175976
1477968300,<10ms,41145,0.49305563877338254
1477968300,10-100ms,17807,0.21338781770901988
1477968600,10-100ms,19317,0.2731901172410867
1477968600,<10ms,31053,0.43916615989478003
1477968600,>100ms,20339,0.28764372286413326
1477968900,10-100ms,20951,0.22052059321944698
1477968900,<10ms,49156,0.5173934552190891
1477968900,>100ms,24900,0.2620859515614639
1477969200,<10ms,46402,0.6707720774245776
1477969200,>100ms,11698,0.1691024473452159
1477969200,10-100ms,11077,0.16012547523020657
1477969500,10-100ms,10970,0.15304129464285715
1477969500,<10ms,41761,0.5826032366071429
1477969500,>100ms,18949,0.26435546875
1477969800,10-100ms,10981,0.17662575799005967
1477969800,<10ms,34077,0.548117289411462
1477969800,>100ms,17113,0.2752569525984784
1477970100,>100ms,13626,0.2565763458677764
1477970100,10-100ms,10905,0.20534016231381927
1477970100,<10ms,28576,0.5380834918184043
1477970400,<10ms,28744,0.5375523638539796
1477970400,>100ms,15365,0.2873466487133453
1477970400,10-100ms,9363,0.17510098743267505
1477970700,10-100ms,8225,0.1783391153512576
1477970700,<10ms,23787,0.5157632263660017
1477970700,>100ms,14108,0.3058976582827407
1477971000,10-100ms,9112,0.16205161037898594
1477971000,<10ms,30037,0.5341905422468832
1477971000,>100ms,17080,0.3037578473741308
1477971300,>100ms,24068,0.3719765698653849
1477971300,10-100ms,12755,0.19713150858538245
1477971300,<10ms,27880,0.43089192154923267
1477971600,>100ms,18496,0.2855598956323046
1477971600,10-100ms,12206,0.1884485340661716
1477971600,<10ms,34069,0.5259915703015239
1477971900,10-100ms,15631,0.22708584545203608
1477971900,<10ms,31514,0.4578327255822062
1477971900,>100ms,21688,0.3150814289657577
1477972200,<10ms,40613,0.5075736746069438
1477972200,10-100ms,16468,0.20581398255305322
1477972200,>100ms,22933,0.286612342840003
1477972500,<10ms,42890,0.513105791431887
1477972500,10-100ms,15587,0.18647190419792078
1477972500,>100ms,25112,0.30042230437019224
1477972800,10-100ms,10357,0.15431491745634424
1477972800,<10ms,39336,0.5860897550509565
1477972800,>100ms,17423,0.2595953274926992
1477973100,>100ms,24846,0.34594820384294067
1477973100,<10ms,35177,0.4897939292676135
1477973100,10-100ms,11797,0.16425786688944582
1477973400,<10ms,37266,0.6308359007346718
1477973400,>100ms,11500,0.1946710904966652
1477973400,10-100ms,10308,0.17449300876866303
1477973700,10-100ms,10031,0.16637916735777078
1477973700,<10ms,32271,0.5352628960026539
1477973700,>100ms,17988,0.2983579366395754
1477974000,>100ms,18829,0.2804104366474057
1477974000,10-100ms,9702,0.14448680526597962
1477974000,<10ms,38617,0.5751027580866146
1477974300,10-100ms,7615,0.1717178550489334
1477974300,>100ms,11958,0.2696522797997565
1477974300,<10ms,24773,0.5586298651513102
1477974600,10-100ms,8782,0.1444645500904754
1477974600,<10ms,32225,0.5301036354663596
1477974600,>100ms,19783,0.325431814443165
1477974900,10-100ms,7815,0.15768446964346966
1477974900,<10ms,27780,0.5605213776961724
1477974900,>100ms,13966,0.28179415266035795
1477975200,10-100ms,9003,0.18356611275359364
1477975200,>100ms,18534,0.3778978489142624
1477975200,<10ms,21508,0.43853603833214394
1477975500,10-100ms,12529,0.18192774583260732
1477975500,<10ms,31563,0.4583115525352849
1477975500,>100ms,24776,0.3597607016321078
1477975800,10-100ms,11736,0.15163378425520369
1477975800,<10ms,34784,0.4494231042546869
1477975800,>100ms,30877,0.3989431114901094
1477976100,10-100ms,16295,0.20307826520438685
1477976100,<10ms,30756,0.3833000997008973
1477976100,>100ms,33189,0.41362163509471583
1477976400,10-100ms,8102,0.11314062281804217
1477976400,<10ms,44958,0.6278173439463762
1477976400,>100ms,18550,0.2590420332355816
1477976700,10-100ms,7381,0.12549519680353652
1477976700,<10ms,35132,0.5973306129388761
1477976700,>100ms,16302,0.2771741902575873
1477977000,10-100ms,7356,0.1136605942613452
1477977000,>100ms,16238,0.2509000448090978
1477977000,<10ms,41125,0.635439360929557
1477977300,>100ms,15089,0.28964391976197335
1477977300,10-100ms,6730,0.12918706209809003
1477977300,<10ms,30276,0.5811690181399366
1477977600,>100ms,13851,0.32113792863601587
1477977600,10-100ms,7601,0.17623055343024738
1477977600,<10ms,21679,0.5026315179337367
1477977900,>100ms,16276,0.3225013870175161
1477977900,10-100ms,8281,0.16408417214868828
1477977900,<10ms,25911,0.5134144408337957
1477978200,10-100ms,8997,0.15435688918626794
1477978200,<10ms,27273,0.46790879612949715
1477978200,>100ms,22017,0.3777343146842349
1477978500,10-100ms,9083,0.16151862718947274
1477978500,>100ms,21276,0.3783408909042411
1477978500,<10ms,25876,0.46014048190628615
1477978800,10-100ms,13040,0.19455136812580193
1477978800,<10ms,29665,0.44258944290275415
1477978800,>100ms,24321,0.3628591889714439
1477979100,10-100ms,14407,0.18065656818979786
1477979100,<10ms,39994,0.5015047399307819
1477979100,>100ms,25347,0.31783869187942015
1477979400,<10ms,43148,0.5143769968051118
1477979400,10-100ms,14569,0.17368032044251586
1477979400,>100ms,26167,0.3119426827523723
1477979700,10-100ms,20001,0.17107885485540283
1477979700,<10ms,49488,0.42329635363652696
1477979700,>100ms,47422,0.40562479150807024
1477980000,10-100ms,12469,0.15597168017612328
1477980000,<10ms,43183,0.5401656159311518
1477980000,>100ms,24292,0.3038627038927249
1477980300,10-100ms,11217,0.1269437088341142
1477980300,<10ms,51053,0.5777709875285756
1477980300,>100ms,26092,0.29528530363731015
1477980600,10-100ms,9333,0.1337106017191977
1477980600,<10ms,42848,0.6138681948424068
1477980600,>100ms,17619,0.2524212034383954
1477980900,10-100ms,9261,0.14528426204819278
1477980900,<10ms,36817,0.5775759287148594
1477980900,>100ms,17666,0.2771398092369478
1477981200,<10ms,37658,0.5725101479240464
1477981200,10-100ms,9156,0.1391975918634173
1477981200,>100ms,18963,0.2882922602125363
1477981500,>100ms,22071,0.35758724603868963
1477981500,<10ms,30222,0.489647127442403
1477981500,10-100ms,9429,0.15276562651890735
1477981800,<10ms,33415,0.4761870831670752
1477981800,>100ms,25765,0.36716924129282336
1477981800,10-100ms,10992,0.15664367554010147
1477982100,10-100ms,10882,0.15451240983699666
1477982100,<10ms,29625,0.4206423581530073
1477982100,>100ms,29921,0.424845232009996
1477982400,10-100ms,10997,0.13725490196078433
1477982400,<10ms,42308,0.5280513223749079
1477982400,>100ms,26816,0.33469377566430775
1477982700,10-100ms,11490,0.1529939681229278
1477982700,<10ms,35861,0.47750362844702465
1477982700,>100ms,27750,0.36950240343004753
1477983000,10-100ms,13121,0.15393369154602407
1477983000,<10ms,39895,0.46804242239376803
1477983000,>100ms,32222,0.37802388606020787
1477983300,10-100ms,18179,0.15814977207084943
1477983300,<10ms,45706,0.3976232731321989
1477983300,>100ms,51063,0.4442269547969517
1477983600,10-100ms,9167,0.09515851101376462
1477983600,<10ms,62344,0.6471650715219964
1477983600,>100ms,24823,0.257676417464239
1477983900,>100ms,20078,0.2572684289430186
1477983900,10-100ms,7035,0.09014261368732622
1477983900,<10ms,50930,0.6525889573696552
1477984200,10-100ms,7021,0.10517564227398697
1477984200,<10ms,37919,0.568032357126807
1477984200,>100ms,21815,0.32679200059920605
1477984500,10-100ms,6777,0.10492336274965165
1477984500,<10ms,37455,0.579888527635857
1477984500,>100ms,20358,0.3151881096144914
1477984800,10-100ms,7025,0.13360847486639152
1477984800,<10ms,27728,0.5273588314726412
1477984800,>100ms,17826,0.33903269366096733
1477985100,>100ms,17333,0.34453764808777926
1477985100,<10ms,26973,0.5361572712093504
1477985100,10-100ms,6002,0.11930508070287033
1477985400,10-100ms,7200,0.11594016199417079
1477985400,<10ms,28130,0.4529717717911145
1477985400,>100ms,26771,0.43108806621471474
1477985700,10-100ms,5680,0.10486863726159924
1477985700,<10ms,29330,0.5415135793807581
1477985700,>100ms,19153,0.35361778335764266
1477986000,10-100ms,8782,0.13103355664642424
1477986000,<10ms,29264,0.4366392623207651
1477986000,>100ms,28975,0.4323271810328106
1477986300,10-100ms,9506,0.14543841128501706
1477986300,<10ms,27021,0.41341166750814706
1477986300,>100ms,28834,0.4411499212068359
1477986600,10-100ms,11333,0.12542470422878138
1477986600,<10ms,42886,0.4746284183848512
1477986600,>100ms,36138,0.3999468773863674
1477986900,10-100ms,12850,0.14490955839234967
1477986900,<10ms,44737,0.5044995263656458
1477986900,>100ms,31089,0.3505909152420046
1477987200,10-100ms,8238,0.09963715529753266
1477987200,<10ms,49046,0.593202709240445
1477987200,>100ms,25396,0.30716013546202225
1477987500,10-100ms,7355,0.10169093146404524
1477987500,<10ms,40869,0.5650586917748559
1477987500,>100ms,24103,0.3332503767610989
1477987800,10-100ms,7021,0.11154005020176024
1477987800,<10ms,29037,0.4613001620436565
1477987800,>100ms,26888,0.4271597877545833
1477988100,>100ms,20799,0.35126918984648126
1477988100,10-100ms,6420,0.10842579926027258
1477988100,<10ms,31992,0.5403050108932462
1477988400,10-100ms,4683,0.0872538242253731
1477988400,<10ms,32760,0.6103854968232378
1477988400,>100ms,16228,0.302360678951389
1477988700,10-100ms,6028,0.10626520466805345
1477988700,<10ms,28889,0.5092726439375242
1477988700,>100ms,21809,0.3844621513944223
1477989000,10-100ms,4709,0.08017775658925287
1477989000,<10ms,35239,0.5999965947013554
1477989000,>100ms,18784,0.31982564870939184
1477989300,>100ms,32017,0.4341405868633726
1477989300,<10ms,34765,0.47140261430818464
1477989300,10-100ms,6966,0.09445679882844281
1477989600,10-100ms,8904,0.14816047390052747
1477989600,<10ms,25757,0.42859044544652813
1477989600,>100ms,25436,0.4232490806529444
1477989900,10-100ms,8631,0.11605798192771084
1477989900,<10ms,31813,0.4277780765920826
1477989900,>100ms,33924,0.45616394148020656
1477990200,<10ms,39938,0.5470059716211034
1477990200,>100ms,25897,0.35469511861063935
1477990200,10-100ms,7177,0.09829890976825727
1477990500,10-100ms,6771,0.08172009269093367
1477990500,<10ms,37910,0.45754079366611955
1477990500,>100ms,38175,0.4607391136429468
1477990800,<10ms,38283,0.5746731314829548
1477990800,>100ms,23779,0.3569509284416891
1477990800,10-100ms,4555,0.06837594007535613
1477991100,10-100ms,5176,0.07415366542026619
1477991100,<10ms,39239,0.5621552699818054
1477991100,>100ms,25386,0.3636910645979284
1477991400,10-100ms,4455,0.07759836965041543
1477991400,<10ms,29265,0.5097455191513821
1477991400,>100ms,23691,0.41265611119820245
1477991700,>100ms,22227,0.3914996301123754
1477991700,<10ms,29783,0.5245887201888189
1477991700,10-100ms,4764,0.0839116496988058
1477992000,10-100ms,4999,0.0822515096171249
1477992000,<10ms,34474,0.5672211527387004
1477992000,>100ms,21304,0.3505273376441746
1477992300,10-100ms,5254,0.08264904829322008
1477992300,<10ms,34203,0.5380368098159509
1477992300,>100ms,24113,0.379314141890829
1477992600,<10ms,26822,0.427047509871354
1477992600,10-100ms,5804,0.09240861036810598
1477992600,>100ms,30182,0.4805438797605401
1477992900,10-100ms,3935,0.06796317725694745
1477992900,<10ms,29673,0.5124958980293269
1477992900,>100ms,24291,0.4195409247137256
1477993200,<10ms,31506,0.45860929562293484
1477993200,>100ms,31939,0.46491215301532773
1477993200,10-100ms,5254,0.07647855136173744
1477993500,10-100ms,6872,0.08728787724824713
1477993500,<10ms,36154,0.4592267046031907
1477993500,>100ms,35702,0.45348541814856214
1477993800,>100ms,30002,0.4083849452120057
1477993800,10-100ms,6662,0.09068263799088001
1477993800,<10ms,36801,0.5009324167971143
1477994100,<10ms,44835,0.5060212408157737
1477994100,>100ms,35361,0.3990948387752108
1477994100,10-100ms,8407,0.0948839204090155
1477994400,10-100ms,5299,0.09079693631020716
1477994400,<10ms,36372,0.6232244135638526
1477994400,>100ms,16690,0.28597865012594026
1477994700,10-100ms,6631,0.09254839565102095
1477994700,<10ms,34924,0.4874317855099164
1477994700,>100ms,30094,0.42001981883906264
1477995000,10-100ms,6040,0.0868340090284367
1477995000,<10ms,36649,0.526884039219069
1477995000,>100ms,26869,0.3862819517524943
1477995300,10-100ms,6812,0.08928735270601497
1477995300,<10ms,37994,0.49800112723316686
1477995300,>100ms,31487,0.4127115200608182
1477995600,10-100ms,5372,0.08848041637843002
1477995600,<10ms,31295,0.5154494844681622
1477995600,>100ms,24047,0.3960700991534078
1477995900,>100ms,21586,0.3702128389387209
1477995900,10-100ms,5212,0.0893889241428988
1477995900,<10ms,31509,0.5403982369183803
1477996200,10-100ms,5500,0.08023925888102706
1477996200,<10ms,38561,0.5625647384929608
1477996200,>100ms,24484,0.3571960026260121
1477996500,>100ms,29020,0.4375555991134297
1477996500,10-100ms,6578,0.09918127949580086
1477996500,<10ms,30725,0.4632631213907694
1477996800,<10ms,32416,0.44367797213325666
1477996800,>100ms,33052,0.45238290766746053
1477996800,10-100ms,7594,0.1039391201992828
1477997100,10-100ms,7096,0.1066153823038899
1477997100,<10ms,36083,0.5421368150607749
1477997100,>100ms,23378,0.3512478026353351
1477997400,10-100ms,6020,0.0862365344946138
1477997400,<10ms,33487,0.47970146688058674
1477997400,>100ms,30301,0.43406199862479944
1477997700,>100ms,30363,0.40128196656314014
1477997700,<10ms,38393,0.5074076521509284
1477997700,10-100ms,6909,0.09131038128593141
1477998000,10-100ms,4461,0.07218329800488665
1477998000,<10ms,37051,0.5995210433488132
1477998000,>100ms,20289,0.3282956586463002
1477998300,10-100ms,5427,0.0920891875381796
1477998300,<10ms,30033,0.5096212583995113
1477998300,>100ms,23472,0.3982895540623091
1477998600,<10ms,33728,0.5043137606722589
1477998600,10-100ms,6301,0.09421492546240225
1477998600,>100ms,26850,0.4014713138653389
1477998900,10-100ms,6701,0.09623725405715927
1477998900,>100ms,28362,0.407324429125377
1477998900,<10ms,34567,0.49643831681746375
1477999200,<10ms,29888,0.5564492106047065
1477999200,10-100ms,4447,0.08279341674113792
1477999200,>100ms,19377,0.3607573726541555
1477999500,>100ms,24064,0.3837101763561565
1477999500,10-100ms,4852,0.07736709506649234
1477999500,<10ms,33798,0.5389227285773511
1477999800,10-100ms,5061,0.08630038878657663
1477999800,<10ms,26694,0.45518723143032536
1477999800,>100ms,26889,0.458512379783098
1478000100,10-100ms,4277,0.07461228477225547
1478000100,<10ms,33831,0.5901819513982172
1478000100,>100ms,19215,0.33520576382952744
1478000400,>100ms,21559,0.3885764752532353
1478000400,<10ms,28999,0.5226740204030136
1478000400,10-100ms,4924,0.08874950434375113
1478000700,10-100ms,5816,0.10491755962044955
1478000700,<10ms,27716,0.49998196052963884
1478000700,>100ms,21902,0.3951004798499116
1478001000,10-100ms,7062,0.10624022144662414
1478001000,<10ms,29620,0.44560115537369116
1478001000,>100ms,29790,0.4481586231796847
1478001300,>100ms,24387,0.3970272206303725
1478001300,<10ms,31361,0.5105659025787965
1478001300,10-100ms,5676,0.09240687679083094
1478001600,10-100ms,3365,0.0686538540008977
1478001600,<10ms,28075,0.5727955278083813
1478001600,>100ms,17574,0.35855061819072104
1478001900,10-100ms,4365,0.07797009806548416
1478001900,<10ms,30385,0.5427540503367093
1478001900,>100ms,21233,0.37927585159780647
1478002200,10-100ms,3091,0.07152940087473676
1478002200,<10ms,27393,0.6339064633327933
1478002200,>100ms,12729,0.29456413579246987
1478002500,>100ms,16435,0.3991402758888673
1478002500,10-100ms,3392,0.08237808432096366
1478002500,<10ms,21349,0.518481639790169
1478002800,10-100ms,3233,0.08021138292065698
1478002800,<10ms,21813,0.5411849352453729
1478002800,>100ms,15260,0.37860368183397014
1478003100,10-100ms,4558,0.10385763437920113
1478003100,<10ms,20101,0.4580171804862488
1478003100,>100ms,19228,0.4381251851345501
1478003400,10-100ms,3904,0.08815028901734104
1478003400,>100ms,20517,0.46326318641618497
1478003400,<10ms,19867,0.44858652456647397
1478003700,10-100ms,3656,0.09091587297640066
1478003700,<10ms,22341,0.5555666078133937
1478003700,>100ms,14216,0.35351751921020563
1478004000,10-100ms,3754,0.08315243875426394
1478004000,<10ms,26248,0.5814025605812253
1478004000,>100ms,15144,0.3354450006645107
1478004300,10-100ms,4643,0.09930701116482012
1478004300,<10ms,24000,0.5133250630962056
1478004300,>100ms,18111,0.3873679257389742
1478004600,>100ms,21579,0.49898256486149006
1478004600,<10ms,16655,0.38512232345187997
1478004600,10-100ms,5012,0.11589511168662998
1478004900,10-100ms,4777,0.09374938671376705
1478004900,<10ms,24129,0.47353547247571387
1478004900,>100ms,22049,0.4327151408105191
1478005200,10-100ms,3928,0.07994301414470337
1478005200,<10ms,26341,0.536094433703063
1478005200,>100ms,18866,0.3839625521522336
1478005500,10-100ms,3287,0.080471026023943
1478005500,<10ms,25008,0.6122359047176047
1478005500,>100ms,12552,0.3072930692584523
1478005800,10-100ms,2939,0.07955283672585535
1478005800,<10ms,20218,0.547260718925942
1478005800,>100ms,13787,0.3731864443482027
1478006100,10-100ms,3540,0.08381872425060378
1478006100,<10ms,21552,0.5102997584884217
1478006100,>100ms,17142,0.40588151726097454
1478006400,10-100ms,3071,0.08520378436867075
1478006400,<10ms,14846,0.41189690092389647
1478006400,>100ms,18126,0.5028993147074328
1478006700,>100ms,15561,0.3522500905469033
1478006700,<10ms,25110,0.568408185440058
1478006700,10-100ms,3505,0.07934172401303875
1478007000,10-100ms,3624,0.08647719951320781
1478007000,<10ms,23210,0.553845419619634
1478007000,>100ms,15073,0.3596773808671582
1478007300,10-100ms,3731,0.08596179987558464
1478007300,<10ms,21655,0.4989286454853351
1478007300,>100ms,18017,0.4151095546390802
1478007600,10-100ms,4419,0.10050491266375546
1478007600,<10ms,19769,0.44962245269286755
1478007600,>100ms,19780,0.449872634643377
1478007900,>100ms,14926,0.37732891776423894
1478007900,10-100ms,2972,0.07513208787319564
1478007900,<10ms,21659,0.5475389943625654
1478008200,10-100ms,4466,0.09562145380580238
1478008200,<10ms,21247,0.45491917353602396
1478008200,>100ms,20992,0.44945937265817365
1478008500,>100ms,21825,0.463218439595891
1478008500,10-100ms,4479,0.0950632481534935
1478008500,<10ms,20812,0.4417183122506155
1478008800,10-100ms,2975,0.07374448465618957
1478008800,<10ms,25179,0.6241386148430915
1478008800,>100ms,12188,0.3021169005007189
1478009100,10-100ms,2745,0.0704171155918116
1478009100,<10ms,21718,0.5571289313016264
1478009100,>100ms,14519,0.372453953106562
1478009400,10-100ms,3313,0.09555811941159503
1478009400,>100ms,12744,0.3675800403807326
1478009400,<10ms,18613,0.5368618402076724
1478009700,>100ms,9964,0.3187561982149141
1478009700,<10ms,18950,0.6062254070827602
1478009700,10-100ms,2345,0.07501839470232573
1478010000,10-100ms,2045,0.08251957065612138
1478010000,<10ms,14402,0.5811476071342103
1478010000,>100ms,8335,0.3363328222096683
1478010300,10-100ms,2266,0.08078143381697622
1478010300,<10ms,16099,0.5739189333713594
1478010300,>100ms,9686,0.3452996328116645
1478010600,10-100ms,2097,0.07593424101969873
1478010600,<10ms,15182,0.5497537659327926
1478010600,>100ms,10337,0.3743119930475087
1478010900,10-100ms,2474,0.09695497119567348
1478010900,<10ms,11761,0.4609084139985108
1478010900,>100ms,11282,0.44213661480581573
1478011200,10-100ms,2289,0.10664368244502423
1478011200,>100ms,8260,0.3848304137159896
1478011200,<10ms,10915,0.5085259038389862
1478011500,<10ms,11672,0.46152629497825226
1478011500,>100ms,11182,0.44215104784499804
1478011500,10-100ms,2436,0.0963226571767497
1478011800,10-100ms,2837,0.10574378471057438
1478011800,>100ms,12687,0.4728838197472884
1478011800,<10ms,11305,0.42137239554213723
1478012100,10-100ms,2678,0.0819637009151287
1478012100,>100ms,12654,0.3872922596639427
1478012100,<10ms,17341,0.5307440394209286
1478012400,10-100ms,1688,0.07539079946404645
1478012400,<10ms,13555,0.6054041983028138
1478012400,>100ms,7147,0.3192050022331398
1478012700,10-100ms,2188,0.07845387070171035
1478012700,<10ms,13806,0.49503388432715406
1478012700,>100ms,11895,0.42651224497113555
1478013000,>100ms,8871,0.33436357468621614
1478013000,<10ms,15959,0.6015227469752366
1478013000,10-100ms,1701,0.06411367833854736
1478013300,10-100ms,1566,0.07929515418502203
1478013300,<10ms,10811,0.54742012253785
1478013300,>100ms,7372,0.37328472327712797
1478013600,10-100ms,1473,0.07195193434935522
1478013600,<10ms,12491,0.6101504493942946
1478013600,>100ms,6508,0.31789761625635016
1478013900,10-100ms,1514,0.07813387005212365
1478013900,<10ms,8358,0.4313361201424369
1478013900,>100ms,9505,0.4905300098054394
1478014200,>100ms,7419,0.3966743303213388
1478014200,<10ms,9749,0.5212532748756884
1478014200,10-100ms,1535,0.08207239480297278
1478014500,10-100ms,1518,0.0796056426661073
1478014500,<10ms,10816,0.567203314279721
1478014500,>100ms,6735,0.3531910430541717
1478014800,10-100ms,1296,0.07114624505928854
1478014800,<10ms,9659,0.5302481335090031
1478014800,>100ms,7261,0.3986056214317084
1478015100,<10ms,6660,0.5900593603260388
1478015100,10-100ms,907,0.08035793390626385
1478015100,>100ms,3720,0.3295827057676973
1478015400,>100ms,2249,0.2371862476270829
1478015400,<10ms,6624,0.6985867960345918
1478015400,10-100ms,609,0.06422695633832524
1478015700,10-100ms,737,0.06350710900473934
1478015700,<10ms,6292,0.5421800947867299
1478015700,>100ms,4576,0.3943127962085308
1478016000,>100ms,0,0.0
1478016000,<10ms,6128,1.0
1478016000,10-100ms,0,0.0
1478016300,>100ms,0,0.0
1478016300,10-100ms,0,0.0
1478016300,<10ms,2424,1.0
1478016600,10-100ms,0,0.0
1478016600,>100ms,0,0.0
1478016600,<10ms,1138,1.0
1478016900,<10ms,1027,1.0
1478016900,10-100ms,0,0.0
1478016900,>100ms,0,0.0
