timestamp,update_cost
1477929720,3.4034088788427073e-06
1477929780,8.879999707763394e-06
1477929840,4.492488721420196e-06
1477929900,1.0857510214567159e-05
1477929960,0.0003535322177805584
1477930020,4.319144476827469e-06
1477930080,5.3610231671799825e-06
1477930140,5.644960728413842e-06
1477930200,6.789439467098831e-06
1477930260,7.567138314447006e-06
1477930320,1.1163909645734811e-05
1477930380,9.887591486602995e-06
1477930440,7.753333309665323e-06
1477930500,1.581199455004806e-05
1477930560,1.7158829562303068e-05
1477930620,1.4051712032894864e-05
1477930680,9.982364446359086e-06
1477930740,9.522210104836964e-06
1477930800,9.780441448848769e-06
1477930860,8.418671237104038e-06
1477930920,9.967747725097084e-06
1477930980,1.7041196718088798e-05
1477931040,1.6538629977932098e-05
1477931100,1.4702865587611018e-05
1477931160,1.334041502921838e-05
1477931220,7.75851174560423e-06
1477931280,7.821984463797791e-06
1477931340,1.536057921810639e-05
1477931400,1.2676748910086293e-05
1477931460,1.2699366558839031e-05
1477931520,8.528276103088113e-06
1477931580,1.305333803815089e-05
1477931640,9.340398281490623e-06
1477931700,1.2689122354816234e-05
1477931760,1.2418712976951465e-05
1477931820,6.367354363070493e-06
1477931880,1.643890198092207e-05
1477931940,1.5069606648875895e-05
1477932000,1.9412509248479438e-05
1477932060,1.441743985459177e-05
1477932120,1.8178145956270773e-05
1477932180,1.4767060695149804e-05
1477932240,2.476589150939561e-05
1477932300,1.3761929655244234e-05
1477932360,1.896709142391225e-05
1477932420,1.8937932763569276e-05
1477932480,2.1246385868447278e-05
1477932540,2.775307495237696e-05
1477932600,2.8796945529224825e-05
1477932660,2.664487063845566e-05
1477932720,2.4056592244093632e-05
1477932780,2.6746248573789713e-05
1477932840,3.928850417429582e-05
1477932900,1.802753634248735e-05
1477932960,5.823459208312253e-05
1477933020,9.014570750837683e-06
1477933080,3.404217536696503e-05
1477933140,2.429585438809934e-05
1477933200,3.0109744903012722e-05
1477933260,2.8125922079844532e-05
1477933320,2.1691386770030424e-05
1477933380,2.208096071808964e-05
1477933440,1.9684207187520595e-05
1477933500,2.1368821080611585e-05
1477933560,1.9683269545166228e-05
1477933620,3.456480719886875e-05
1477933680,2.0912212791184368e-05
1477933740,1.7258075071433407e-05
1477933800,2.5512148801927054e-05
1477933860,2.7727532235717847e-05
1477933920,2.4323793565510763e-05
1477933980,4.7847592579835364e-05
1477934040,2.5991347201140613e-05
1477934100,3.263874412730481e-05
1477934160,2.908888909868354e-05
1477934220,2.7803730647522815e-05
1477934280,4.4411402126195134e-05
1477934340,3.567429591616844e-05
1477934400,1.481167101869411e-05
1477934460,2.6290824086128643e-05
1477934520,2.0829256818261535e-05
1477934580,4.055266941830201e-05
1477934640,3.410769260970011e-05
1477934700,6.048093213566745e-05
1477934760,5.5545582630041934e-05
1477934820,4.4378427754453855e-05
1477934880,1.6593642067161518e-05
1477934940,2.924103771977319e-05
1477935000,4.157703444117801e-05
1477935060,2.4184032020366157e-05
1477935120,3.1240751425602126e-05
1477935180,1.2786603392152802e-05
1477935240,7.028461574563754e-05
1477935300,8.496590762245309e-05
1477935360,4.180629807237618e-05
1477935420,4.980975396579297e-05
1477935480,5.8203108702410095e-05
1477935540,3.6091945445943096e-05
1477935600,4.5326245718945895e-05
1477935660,1.8908801487792654e-05
1477935720,2.4331656364639277e-05
1477935780,4.878652348670433e-05
1477935840,6.071169701256464e-05
1477935900,1.306453405947884e-05
1477935960,5.1358333570929e-05
1477936020,5.040124825865062e-05
1477936080,5.800597093400661e-05
1477936140,3.846068421286493e-05
1477936200,7.914954208393598e-05
1477936260,3.9025789166920316e-05
1477936320,5.4847092639013185e-05
1477936380,5.7742291957960036e-05
1477936440,4.196149849564574e-05
1477936500,7.826779654319165e-05
1477936560,4.8264462279159496e-05
1477936620,0.00037477876226279014
1477936680,6.357510953914854e-05
1477936740,0.00017243640327807398
1477936800,7.879145826638737e-05
1477936860,1.2345032458845766e-05
1477936920,2.4345057409083355e-05
1477936980,7.399006633762294e-05
1477937040,8.029941788218179e-05
1477937100,8.464659801427052e-05
1477937160,7.119138064701818e-05
1477937220,8.274272252762904e-05
1477937280,6.928384116815808e-05
1477937340,4.683291332384859e-05
1477937400,3.437249920355093e-05
1477937460,2.4954105852784805e-05
1477937520,7.341676199877617e-05
1477937580,2.2061276583969514e-05
1477937640,4.5823120601693276e-05
1477937700,4.174371812013124e-05
1477937760,5.88738779251011e-05
1477937820,1.623709591722822e-05
1477937880,4.958934836039245e-05
1477937940,5.622135851564471e-05
1477938000,1.2167575201455873e-05
1477938060,1.6092047216045243e-05
1477938120,6.179810156072139e-05
1477938180,5.5272225674639615e-05
1477938240,9.742375382364644e-05
1477938300,4.046382708963875e-05
1477938360,8.95403370357843e-05
1477938420,2.941515214677282e-05
1477938480,0.00011075824404376428
1477938540,0.00019117961446854357
1477938600,0.00013575934073220837
1477938660,6.517232105203972e-05
1477938720,6.92409266354472e-05
1477938780,0.00025752805054138724
1477938840,2.052168691218308e-05
1477938900,0.00014041941692074128
1477938960,0.00017145251412678528
1477939020,7.536087673577608e-05
1477939080,7.508383822384483e-05
1477939140,0.00015848229664852263
1477939200,9.880585239411083e-05
1477939260,6.995139407190488e-05
1477939320,0.00013883431372459253
1477939380,5.571572330230637e-05
1477939440,0.0001376764985623132
1477939500,0.0001544367325692872
1477939560,0.00011730343028151701
1477939620,9.09971921204985e-06
1477939680,0.00016533774697675388
1477939740,0.00013724411532794128
1477939800,8.45104625292985e-05
1477939860,0.00010634053028434072
1477939920,5.512561226202753e-05
1477939980,0.00010100569799603798
1477940040,3.4773708357695634e-05
1477940100,6.304723131706292e-05
1477940160,8.086645179157229e-05
1477940220,7.020729074913154e-05
1477940280,0.00016426072699353704
1477940340,2.4590912190348396e-06
1477940400,3.6003183798720005e-05
1477940460,1.2073704757766583e-06
1477940520,2.9874788758746183e-05
1477940580,1.6188687196809728e-06
1477940640,7.077584902209968e-07
1477940700,0.00011376974646884396
1477940760,4.782329834988941e-05
1477940820,0.0001110756570381826
1477940880,9.582981784742023e-05
1477940940,7.306239800843803e-05
1477941000,8.695585503121495e-05
1477941060,3.171020429896022e-05
1477941120,9.96226587613939e-07
1477941180,0.00010070112493009295
1477941240,8.608679843853218e-05
1477941300,5.404989647934635e-05
1477941360,6.299480979977976e-05
1477941420,9.119405543169424e-05
1477941480,0.00011481140753149502
1477941540,1.0328144526283722e-06
1477941600,0.00015205658151439078
1477941660,0.00012055723270004793
1477941720,5.612974482108407e-05
1477941780,4.9708529795494285e-05
1477941840,3.8141546565558356e-05
1477941900,7.080848473999366e-05
1477941960,6.892760753833602e-05
1477942020,4.9201623464251165e-05
1477942080,1.5270360685479803e-05
1477942140,6.704504976548331e-05
1477942200,0.0003368608696568165
1477942260,0.00010949590946650789
1477942320,5.147798587752771e-05
1477942380,6.037562306546805e-05
1477942440,0.00012128682198612962
1477942500,8.076347661223395e-05
1477942560,9.18881440694265e-05
1477942620,1.2369564248490103e-05
1477942680,0.000160729845235814
1477942740,7.489568454617824e-05
1477942800,2.060000051007352e-05
1477942860,9.644799398682295e-05
1477942920,0.0001224594796162785
1477942980,0.00010202469680788643
1477943040,1.3513846072153404e-06
1477943100,0.00017391666696627337
1477943160,0.00010949470425738065
1477943220,1.1516045979644689e-05
1477943280,8.536836647085453e-07
1477943340,0.00017960254837051797
1477943400,0.00012442579485629114
1477943460,5.6667843866216994e-05
1477943520,0.00011638052574575362
1477943580,5.8077859977506734e-05
1477943640,9.175660397885015e-05
1477943700,0.00015344920429922869
1477943760,8.061892851858028e-05
1477943820,9.755721248248453e-05
1477943880,0.00010304967583644487
1477943940,6.027383293017627e-05
1477944000,6.321820671316054e-05
1477944060,8.384790697924325e-05
1477944120,0.00011406166964327038
1477944180,4.271875007231433e-05
1477944240,1.146993301663639e-06
1477944300,0.00011203818685576151
1477944360,0.0001455036019522817
1477944420,7.0063515292526e-05
1477944480,4.1576491429141754e-05
1477944540,2.1580481821495115e-06
1477944600,0.00011786511979981762
1477944660,2.1926806820493184e-05
1477944720,0.00015624444403910677
1477944780,8.029387305107187e-07
1477944840,0.00015506245173667785
1477944900,0.00010573605941451574
1477944960,0.00010649020303978474
1477945020,8.572365478722003e-05
1477945080,5.0907749101656796e-05
1477945140,0.00011473860098307773
1477945200,0.00016883566791266915
1477945260,7.462412124335124e-05
1477945320,6.475085358324333e-05
1477945380,0.00010452896154285657
1477945440,4.905891293436588e-05
1477945500,4.033681125028763e-05
1477945560,0.00015348426996351677
1477945620,7.801525167781195e-05
1477945680,0.00012670406966320603
1477945740,8.232796062656012e-05
1477945800,5.520112842278907e-05
1477945860,1.3081619411478845e-06
1477945920,4.183522021993754e-06
1477945980,1.7671327547350408e-06
1477946040,0.0001795957453634538
1477946100,0.00013102402761938962
1477946160,0.0002064808486078683
1477946220,0.00012100546030960538
1477946280,0.0001974196081563822
1477946340,0.00014455714283808575
1477946400,7.336818221532382e-05
1477946460,8.58362287915119e-05
1477946520,0.00011407614711226242
1477946580,0.0001441579172254704
1477946640,7.364869999271625e-06
1477946700,0.0002694091672310312
1477946760,1.2706342016509364e-06
1477946820,0.00016692957537622004
1477946880,6.31711823525053e-05
1477946940,0.00019509970162258413
1477947000,2.279682868289136e-06
1477947060,0.00023897466599007912
1477947120,2.1614941524812718e-06
1477947180,0.0001062518904182761
1477947240,1.5246215743935354e-05
1477947300,1.725547633776765e-05
1477947360,0.00013683235224827512
1477947420,2.839440785627273e-05
1477947480,0.00016750859203483017
1477947540,7.22297336906113e-05
1477947600,5.000938797891737e-05
1477947660,0.00021866862431188297
1477947720,9.093788871580681e-05
1477947780,0.00022486796465526231
1477947840,0.00010877338765214106
1477947900,0.00016825358855355882
1477947960,2.5070597664178096e-06
1477948020,0.0001464329055971952
1477948080,0.00013481585022211354
1477948140,0.00011162381371090977
1477948200,0.00010224697577921644
1477948260,0.00030662499830211385
1477948320,0.00017246526042597723
1477948380,0.0002517869225881967
1477948440,0.00027186500083186364
1477948500,0.00015771385849686252
1477948560,0.00014945789413390212
1477948620,8.60528272919749e-07
1477948680,6.813183784862601e-05
1477948740,0.00012012476137857067
1477948800,1.3963973462448837e-05
1477948860,3.197534054028723e-05
1477948920,0.0001137407403735589
1477948980,0.000313894116141637
1477949040,0.00013440301725117177
1477949100,9.217867638687384e-06
1477949220,2.024738534460825e-05
1477949280,8.45883408720067e-05
1477949340,1.1863663891195463e-05
1477949400,0.00021598184456434431
1477949460,9.773456833589135e-05
1477949520,0.00013548751932672225
1477949580,0.0001854003061385966
1477949640,0.0002877979164218457
1477949700,0.00045954680597861086
1477949760,0.00018001680226418902
1477949820,0.00019141215218753386
1477949880,7.70931589342963e-05
1477949940,2.2148163733975663e-05
1477950000,0.00022780625090487792
1477950060,0.0001990008709506583
1477950120,6.794746427267412e-05
1477950180,0.00013870597087669006
1477950240,0.00021586592952946998
1477950300,0.0002716024845884495
1477950360,0.0001270603680033114
1477950420,6.754574241167252e-05
1477950480,2.9041704089033196e-05
1477950540,7.810509323045772e-05
1477950600,0.00019526900460191038
1477950660,4.442047682546104e-05
1477950720,0.0001468291662777387
1477950780,9.926772569100288e-05
1477950840,0.00011852456066805851
1477950900,4.870663727004657e-05
1477950960,3.113343517518383e-05
1477951020,0.00016806186119476714
1477951080,0.00019083283598351618
1477951140,0.0001740294022124007
1477951200,3.113614818445796e-05
1477951260,2.3563227958326994e-05
1477951320,0.00019620917995122336
1477951380,0.00012999653518327374
1477951440,0.0002477076923241621
1477951500,0.0001781948398614316
1477951560,9.811190518249781e-05
1477951620,1.3985085551307273e-06
1477951680,0.00024504999837279254
1477951740,0.0001641857013166411
1477951800,0.0002108255738571592
1477951860,0.0001564621048167192
1477951920,2.8200901159595087e-05
1477951980,0.00013968602883429344
1477952040,0.00020033313216302414
1477952100,9.625720282447267e-05
1477952160,3.4729949095835505e-05
1477952220,0.00010067893713941079
1477952280,0.00017136270692394816
1477952340,0.00012093150301141258
1477952400,7.581545887602232e-05
1477952460,0.00013035460492538277
1477952520,6.779888293747323e-05
1477952580,5.1843322703771675e-05
1477952640,9.65780806533556e-05
1477952700,0.0001198530048575563
1477952760,0.00010139274031027196
1477952820,8.475298565273867e-05
1477952880,0.00018609514462657035
1477952940,9.826126460174913e-05
1477953000,8.167315774344618e-05
1477953060,0.00016574002351120703
1477953120,0.00016166527917870917
1477953180,7.167493270128173e-05
1477953240,0.0001036786760105355
1477953300,0.0002371311325575179
1477953360,0.0001564912972989377
1477953420,7.05580239133634e-05
1477953480,0.00014315582250088644
1477953540,1.9129245478289415e-05
1477953600,0.00017007813034159678
1477953660,8.368354347831279e-05
1477953720,8.444186432310706e-06
1477953780,3.930200509075432e-05
1477953840,7.585296824078118e-05
1477953900,7.5949812410407e-05
1477953960,0.00017647785351229003
1477954020,0.00022865616792982555
1477954080,8.165605262576126e-05
1477954140,2.6293666199858358e-05
1477954200,0.0001562652632172021
1477954260,5.734897645712044e-05
1477954320,3.889963689009228e-06
1477954380,0.0001416151742169822
1477954440,0.00016942736090316701
1477954500,0.00012043522605540937
1477954560,0.00014121110486704
1477954620,0.00020515045698461896
1477954680,0.00017060444682585958
1477954740,0.00013056171815985188
1477954800,6.596567652675432e-06
1477954860,0.00013318096084379713
1477954920,0.00010199238398166542
1477954980,9.628245607017151e-05
1477955040,0.0001027296428089349
1477955100,0.00017812915524455505
1477955160,0.0001847638390386919
1477955220,9.484675765508524e-05
1477955280,0.0001041978854825825
1477955340,0.00018510433380534514
1477955400,0.00014257327978681064
1477955460,0.00015329543713496076
1477955520,0.0002816521394635244
1477955580,0.00011086104856091769
1477955640,0.00015226614214959236
1477955700,0.00015032386837778367
1477955760,0.00022653935739781045
1477955820,0.00010597473115924922
1477955880,0.0001797806992988875
1477955940,0.00014273967917607746
1477956000,0.00011716757847595895
1477956060,0.00012264270385990602
1477956120,8.262657493421407e-05
1477956180,6.519847253682504e-05
1477956240,0.00011359882391555544
1477956300,0.00010855309199956276
1477956360,0.00010009924802022075
1477956420,0.0001408794373510988
1477956480,0.00020742052382196276
1477956540,0.00013053219090980727
1477956600,8.93301815074733e-05
1477956660,0.0001271420194259415
1477956720,0.00010210002712805035
1477956780,9.807771029426292e-05
1477956840,0.00013982714394692274
1477956900,9.845634913799459e-05
1477956960,0.00012834781258446685
1477957020,0.00014916595193367684
1477957080,0.00011034192886033445
1477957140,0.0001341410695641579
1477957200,0.00011577383411853778
1477957260,0.0001326716668038491
1477957320,0.00014093361768686893
1477957380,0.00013492175645936146
1477957440,0.00016005994770466547
1477957500,0.00011877083530004944
1477957560,0.00010306723909397057
1477957620,0.00011583554227475742
1477957680,8.601146870605285e-05
1477957740,0.0001388643982618749
1477957800,0.00013602510753576256
1477957860,0.00014633418719073473
1477957920,0.0001319042077356087
1477957980,0.0001176394506255894
1477958040,0.0001488209466008762
1477958100,0.00010767552283403709
1477958160,0.00012557331446199266
1477958220,8.147609060437942e-05
1477958280,0.0001519284517472592
1477958340,0.00015006919067498005
1477958400,8.676171501710598e-05
1477958460,0.00010963427073673933
1477958520,0.00010872073010291469
1477958580,0.0001313164827025744
1477958640,6.853041223282357e-05
1477958700,7.944144480577556e-05
1477958760,0.00015792047063457865
1477958820,7.801598433613168e-05
1477958880,9.026412076624458e-05
1477958940,0.0001351814979969725
1477959000,0.00012368193513080504
1477959060,0.0001440748716717005
1477959120,0.0001934267514599199
1477959180,0.0001250729652977073
1477959240,0.00014062812058914366
1477959300,0.00013000324577690185
1477959360,8.640399052516537e-05
1477959420,0.00010319717618875909
1477959480,0.0001331945402434942
1477959540,0.00015294147527028293
1477959600,0.00011505962139189711
1477959660,0.00011436193913544926
1477959720,9.566450278648025e-05
1477959780,0.00010370442849815271
1477959840,0.00013539731565793514
1477959900,0.00016896128595011685
1477959960,0.0001534701349065475
1477960020,0.00014586909679136238
1477960080,0.00013408442216622946
1477960140,0.00016094346393696413
1477960200,0.00012221539947121856
1477960260,0.0001916554086975295
1477960320,0.0001218599385574222
1477960380,0.000146813840255746
1477960440,0.00013599652041959735
1477960500,0.0002285066218470284
1477960560,0.00017704923628888123
1477960620,0.0001260058870428916
1477960680,0.00012898295323987728
1477960740,0.00016562039193806705
1477960800,0.00021930819144780133
1477960860,0.00013239204201475924
1477960920,0.0001535535782070196
1477960980,0.0001496707279329228
1477961040,0.00017256419388560288
1477961100,0.00018140103802249694
1477961160,0.00019006064703900276
1477961220,0.00011827773660708301
1477961280,0.00015417000958063684
1477961340,0.0001290887802348871
1477961400,0.00022281456935562466
1477961460,0.00011413754181879287
1477961520,0.00019553443306166775
1477961580,0.00019522881915212762
1477961640,0.00017921947179742786
1477961700,0.0001462593210378954
1477961760,0.000151808492877823
1477961820,0.00015788343812965107
1477961880,0.00010724581305580516
1477961940,0.0001519829836513143
1477962000,0.00012240220833420622
1477962060,0.00011085318917522531
1477962120,0.00010365563943742095
1477962180,0.00013163453178655955
1477962240,0.00014544122196548186
1477962300,0.00017595807860365317
1477962360,0.0001391305884349995
1477962420,0.00017070231067406997
1477962480,0.00012645218345392356
1477962540,0.00011445898243165706
1477962600,0.00011635532497186754
1477962660,0.00017106478599910682
1477962720,9.395704921963754e-05
1477962780,0.00012031798368704689
1477962840,0.00016166604411582276
1477962900,0.00015014091980990185
1477962960,0.00017590832132181536
1477963020,0.00018075659048233617
1477963080,0.00019085168481418417
1477963140,9.220675076495188e-05
1477963200,0.00019371060830153934
1477963260,0.00020516062175700116
1477963320,0.0001303922593642204
1477963380,0.00018587359316833194
1477963440,0.00013334291089895685
1477963500,0.00023272129970262477
1477963560,0.00026565104138341763
1477963620,0.00014669640694966657
1477963680,0.00025099714597039927
1477963740,0.00020706935011307847
1477963800,0.00016602183928886768
1477963860,0.0002604411691955365
1477963920,0.0001971848395192939
1477963980,0.00020031229064755205
1477964040,0.0001897915123439464
1477964100,0.00027920210086865294
1477964160,0.00022264748583391742
1477964220,0.00020920339186435947
1477964280,0.00018848506093192615
1477964340,0.00010215986211596965
1477964400,0.0001973532533538111
1477964460,0.0002105372630351714
1477964520,0.00025806174000379226
1477964580,0.00022224776175460329
1477964640,0.0002348611435367384
1477964700,0.0001856370428401254
1477964760,0.00020701197205476437
1477964820,0.00022401368253236904
1477964880,0.00030289727413088433
1477964940,0.00022813412391913885
1477965000,0.00021156990876254644
1477965060,0.0001754572051896049
1477965120,0.00015261560339144083
1477965180,0.0002558609261516674
1477965240,0.0001933610990174351
1477965300,0.00018128490315882326
1477965360,0.00022318880649953808
1477965420,0.00023292723988767566
1477965480,0.0001859635305285442
1477965540,0.0002260754218807406
1477965600,0.00018292791173300926
1477965660,0.00017890927417750702
1477965720,0.00016467805596928565
1477965780,0.00019218033672562692
1477965840,0.0001996126192254896
1477965900,0.00021025831721652793
1477965960,0.00020310471230293746
1477966020,0.0002320713370997987
1477966080,0.00025584633543866486
1477966140,0.00016761931183557492
1477966200,0.0002095937740183144
1477966260,0.00019269852342972832
1477966320,0.00017352065911791273
1477966380,0.00023787765968733647
1477966440,0.00024095690585601952
1477966500,0.00023010165099940233
1477966560,0.00015702381655478657
1477966620,0.00013806657098339094
1477966680,0.00024781906201073897
1477966740,0.00019942574995619825
1477966800,0.0002465494066650204
1477966860,0.0002275148990387668
1477966920,0.0002741119691945809
1477966980,0.000205174907731732
1477967040,0.0003627596000125365
1477967100,0.00017927673475766017
1477967160,0.00021033438040162053
1477967220,0.00026913537625173093
1477967280,0.00033001108214429745
1477967340,0.0002412091156472399
1477967400,0.00027067036276460187
1477967460,0.0002861584033174061
1477967520,0.00025010813953271527
1477967580,0.0002431073067303768
1477967640,0.00020106717894366493
1477967700,0.0002555591906776788
1477967760,0.0002858771891935207
1477967820,0.000281949828605186
1477967880,0.00029341730076438196
1477967940,0.000236183252688775
1477968000,0.0002831585287770645
1477968060,0.00024444188948139894
1477968120,0.00034976265954644897
1477968180,0.00025634731092506833
1477968240,0.000235203853910742
1477968300,0.00021633560832519434
1477968360,0.00017090913969506345
1477968420,0.00032709580663341974
1477968480,0.00028296742505503036
1477968540,0.0002804991609957001
1477968600,0.00038976641408729364
1477968660,0.00029727918181004544
1477968720,0.0002539462497510346
1477968780,0.0003231399906047226
1477968840,0.0002330353280097561
1477968900,0.0002268164541276003
1477968960,0.000271668746737237
1477969020,0.0002362812171867242
1477969080,0.00030546945810908934
1477969140,0.0002179320711510802
1477969200,0.0001464293820006709
1477969260,0.00022724628909580216
1477969320,0.00013424833764909478
1477969380,0.00026263671383578455
1477969440,0.0002423636625653907
1477969500,0.00020662498625346185
1477969560,0.00026084537526150416
1477969620,0.00027898241625513696
1477969680,0.00019429270514594203
1477969740,0.00026854476030118644
1477969800,0.00033584342273937915
1477969860,0.0002006254290907241
1477969920,0.0003255775141698801
1477969980,0.0002778813332391149
1477970040,0.0003272504809803064
1477970100,0.00027971789974082993
1477970160,0.0003278971388109088
1477970220,0.00019893032386854824
1477970280,0.000473913935033954
1477970340,0.0002181300136699548
1477970400,0.00019825773647547782
1477970460,0.0003058066373180242
1477970520,0.0004933607053225644
1477970580,0.0003124389097249102
1477970640,0.00030455335148175716
1477970700,0.00032083564194073576
1477970760,0.00030678065437884027
1477970820,0.00020205808233851615
1477970880,0.0002509351760720761
1477970940,0.0004793575292253739
1477971000,0.0002003006998588998
1477971060,0.00029238880815651044
1477971120,0.00037428692723192637
1477971180,0.0003677643058466146
1477971240,0.00047048350052550397
1477971300,0.0003352336169133941
1477971360,0.0002314277166032807
1477971420,0.0002975525391177649
1477971480,0.0003431376778139092
1477971540,0.00045704419258214515
1477971600,0.0003288075594586936
1477971660,0.00031088224777634443
1477971720,0.00031333782499389905
1477971780,0.00033369346168384364
1477971840,0.00039620152170641125
1477971900,0.00030302241684778677
1477971960,0.0004313233444218353
1477972020,0.0003622781711897303
1477972080,0.0003311225075242852
1477972140,0.00027677271391494577
1477972200,0.0002771576092759127
1477972260,0.0002497197937247236
1477972320,0.00031649166152737874
1477972380,0.0003380594600521883
1477972440,0.0004037801648238544
1477972500,0.00029959603405473024
1477972560,0.0002893966769212193
1477972620,0.00045484441796249435
1477972680,0.00022859694960847577
1477972740,0.00038011040766067097
1477972800,0.00020999306204068068
1477972860,0.0003719664636976927
1477972920,0.0002341744652217893
1477972980,0.0003509487942767614
1477973040,0.00029583418880618317
1477973100,0.0003420572505317969
1477973160,0.00044123672222434897
1477973220,0.00040028685974962416
1477973280,0.00034362383907708606
1477973340,0.00029372700828410526
1477973400,0.00038640000772942947
1477973460,0.0002936999922707568
1477973520,0.0001565288656843025
1477973580,0.00022818705215789977
1477973640,0.00021900095323519261
1477973700,0.0004368220064411805
1477973760,0.00022906201081502545
1477973820,0.0003188660113424903
1477973880,0.00043512621647061843
1477973940,0.0005132588219559386
1477974000,0.00021819007547552776
1477974060,0.00030416098758039294
1477974120,0.0004299265433155803
1477974180,0.00033960715853066924
1477974240,0.00028503469615016034
1477974300,0.0004139179556683881
1477974360,0.0003986778301645907
1477974420,0.00029419584735723855
1477974480,0.0005105759212632941
1477974540,0.0005181751577518293
1477974600,0.0004771789703051371
1477974660,0.0003943074215893728
1477974720,0.00041120385508873063
1477974780,0.0004425199468634314
1477974840,0.000442520988223261
1477974900,0.0007414287695836493
1477974960,0.0003674483785257651
1477975020,0.00032890430318568693
1477975080,0.000804108846392391
1477975140,0.0004374497305841431
1477975200,0.00061974989252877
1477975260,0.000393276750110897
1477975320,0.0004972244273118323
1477975380,0.00038468246185031614
1477975440,0.0004612633624468707
1477975500,0.0005719707992141216
1477975560,0.0004923785987637623
1477975620,0.0006461701752274889
1477975680,0.0004322840616067896
1477975740,0.0003587917202213446
1477975800,0.0005220073889322591
1477975860,0.0005311083238163937
1477975920,0.00042307184206735374
1477975980,0.00044155560556789547
1477976040,0.0005320196270449033
1477976100,0.0006830788878069598
1477976160,0.0005117879335589502
1477976220,0.0004312641990128295
1477976280,0.000504529564558015
1477976340,0.0005652741855509693
1477976400,0.0003955349958137497
1477976460,0.0006195419148142714
1477976520,0.00020838248174728696
1477976580,0.0004279822984032087
1477976640,0.0006876029905133483
1477976700,0.0003973971299213287
1477976760,0.00032537591190791765
1477976820,0.00037025488185942217
1477976880,0.0005016099042531518
1477976940,0.0003772376731627839
1477977000,0.00043993313939654725
1477977060,0.0004167153227881993
1477977120,0.0002739945443532499
1477977180,0.0003311407964088538
1477977240,0.00036492113456882964
1477977300,0.00037536694101344997
1477977360,0.0005485497427504584
1477977420,0.0004381802564564344
1477977480,0.00046740201858075825
1477977540,0.00041185214871793883
1477977600,0.0005385639653830772
1477977660,0.0005772718674822341
1477977720,0.0007291561533028839
1477977780,0.0006047279160461926
1477977840,0.0004238365585358028
1477977900,0.0004869030876362695
1477977960,0.0006128314332551209
1477978020,0.0004923508932913161
1477978080,0.0006298842075735718
1477978140,0.0004433317725697504
1477978200,0.0005251143398775644
1477978260,0.0005368504228139923
1477978320,0.0006621705114557328
1477978380,0.0005578553377992907
1477978440,0.0007233090417026452
1477978500,0.0004868379796868856
1477978560,0.0008427114037291305
1477978620,0.0005119615803802697
1477978680,0.0006258693708785123
1477978740,0.0006197213356978418
1477978800,0.0006259494176293404
1477978860,0.0004428476072434579
1477978920,0.0006421293229123092
1477978980,0.0005529311852327185
1477979040,0.00036112625045580066
1477979100,0.0005003615512442807
1477979160,0.0005143600674904286
1477979220,0.00043497487435397
1477979280,0.00059262667808432
1477979340,0.0003647539037501238
1477979400,0.0005397236295728006
1477979460,0.000504134244166737
1477979520,0.0004295905158960934
1477979580,0.0005205318973079203
1477979640,0.0003199363202664057
1477979700,0.0006475400043182754
1477979760,0.0004723622509535147
1477979820,0.00044021317263243315
1477979880,0.0005551215329926461
1477979940,0.000392222711657513
1477980000,0.0003026197745531311
1477980060,0.0002929611470745736
1477980120,0.00048509629844480096
1477980180,0.0005650441373359364
1477980240,0.00040741490050010085
1477980300,0.00039334251006727366
1477980360,0.0004932460855900675
1477980420,0.0003504079305531986
1477980480,0.00042532728565485695
1477980540,0.0005003913808519778
1477980600,0.00035988592683780063
1477980660,0.000516580858995985
1477980720,0.0003016863938499429
1477980780,0.0005314108783134872
1477980840,0.0004430967712432946
1477980900,0.00043516001682067894
1477980960,0.0004987909163722302
1477981020,0.00036875889188080685
1477981080,0.0006954039346547374
1477981140,0.00037239210091151784
1477981200,0.00037792716279330294
1477981260,0.0005775220819884077
1477981320,0.0005993622208443533
1477981380,0.0005686058829937015
1477981440,0.00042468694100711486
1477981500,0.0005418753067328402
1477981560,0.00043137706971421177
1477981620,0.00046200569853473627
1477981680,0.000646949827554009
1477981740,0.0006085670282842953
1477981800,0.000798143660176261
1477981860,0.00046931031519998343
1477981920,0.0006085267162261318
1477981980,0.0004984951261771771
1477982040,0.00040111802952989074
1477982100,0.0007120629624373684
1477982160,0.0006222195046253189
1477982220,0.00059635863122028
1477982280,0.0007758908069090093
1477982340,0.000605628398812044
1477982400,0.00048515406170286435
1477982460,0.0005770708073700454
1477982520,0.0005246115298000089
1477982580,0.0004210990296940815
1477982640,0.0007589400976396245
1477982700,0.0005194947390091447
1477982760,0.0005646619073512522
1477982820,0.0005696723937490956
1477982880,0.000585085499858298
1477982940,0.000504038589284601
1477983000,0.0004817743215738934
1477983060,0.0006293004275429668
1477983120,0.0005330379178754502
1477983180,0.0007168382540735188
1477983240,0.00047333991567757806
1477983300,0.0004968917456501371
1477983360,0.0006291244242568661
1477983420,0.0006090229601283771
1477983480,0.0006195640070795786
1477983540,0.0006449650272890438
1477983600,0.0003064339701168297
1477983660,0.0003863892019924925
1477983720,0.00034998879597019045
1477983780,0.0003861932488194697
1477983840,0.0005831781407659428
1477983900,0.0006101108652734676
1477983960,0.00037014962679028407
1477984020,0.00034253659681930963
1477984080,0.00021940058288592368
1477984140,0.00040895788499614814
1477984200,0.00047169312685089245
1477984260,0.00044719877890486183
1477984320,0.000887430075785748
1477984380,0.00035217382018467105
1477984440,0.0006186752819764891
1477984500,0.0006984825215714497
1477984560,0.00044626156165015297
1477984620,0.000714450636172534
1477984680,0.0002765021875480184
1477984740,0.0005940450035288766
1477984800,0.0004650537143934037
1477984860,0.0006996723985299422
1477984920,0.0008419897917513676
1477984980,0.000775062301377018
1477985040,0.000384332253526192
1477985100,0.000696346212007049
1477985160,0.00079879992935363
1477985220,0.000330244570461125
1477985280,0.0006715141252469005
1477985340,0.0006775643164211685
1477985400,0.0007711468152042259
1477985460,0.0007843117722685964
1477985520,0.000886785188462582
1477985580,0.0005129106156569869
1477985640,0.0007664594389245115
1477985700,0.0004294849916086393
1477985760,0.0007280036762603107
1477985820,0.0006826171660114491
1477985880,0.0008575322422288492
1477985940,0.0005156383609575195
1477986000,0.0006091277999923615
1477986060,0.0007948531539605504
1477986120,0.0008321287195657908
1477986180,0.0008049281414716075
1477986240,0.000581280341676444
1477986300,0.0008379987473422942
1477986360,0.0007991958812872498
1477986420,0.0006926248239027215
1477986480,0.0006300734235999159
1477986540,0.0008204372806045426
1477986600,0.0005437677480476905
1477986660,0.0005715126257253674
1477986720,0.000666239245198282
1477986780,0.0006102328608616511
1477986840,0.0008300623166052231
1477986900,0.0005596626839420561
1477986960,0.0006779861811422256
1477987020,0.000664330740485763
1477987080,0.0005060832519033895
1477987140,0.0007952503452578008
1477987200,0.000572757895302067
1477987260,0.0004764720017516953
1477987320,0.0004645470951059533
1477987380,0.000640184737883908
1477987440,0.0005416038867002513
1477987500,0.0006041248226367839
1477987560,0.0006923435921175091
1477987620,0.0005839893273431184
1477987680,0.0005600042790742492
1477987740,0.0006289902598352031
1477987800,0.0006383705399038254
1477987860,0.0008991095719776903
1477987920,0.0007826795510344979
1477987980,0.0006779778293031962
1477988040,0.0011115450041599558
1477988100,0.0005631088636707829
1477988160,0.000825524546037015
1477988220,0.0005097096275655363
1477988280,0.00041644016584208905
1477988340,0.0009151002813902151
1477988400,0.00030395714943011595
1477988460,0.0006268956644324235
1477988520,0.0007766176368773944
1477988580,0.0009684606314579584
1477988640,0.0006390990835105458
1477988700,0.0005848823062465925
1477988760,0.0007547493409120085
1477988820,0.0010086956190514878
1477988880,0.0005934019520659364
1477988940,0.0009466683366772426
1477989000,0.0007380869752076863
1477989060,0.000708866124799683
1477989120,0.0008016303639685995
1477989180,0.0006751693851694888
1477989240,0.000591531128214069
1477989300,0.0008672558510224829
1477989360,0.0009235082941043257
1477989420,0.0008238809278425916
1477989480,0.0007333215822253573
1477989540,0.0007924870641884207
1477989600,0.00084648638305647
1477989660,0.001045247197243123
1477989720,0.000777944953331083
1477989780,0.0007833078122143416
1477989840,0.0007301506948580897
1477989900,0.0009347454276079323
1477989960,0.001184825443883872
1477990020,0.0009439073737604021
1477990080,0.0010548236516109168
1477990140,0.000941699296862333
1477990200,0.0011638466527353773
1477990260,0.0006891944307313914
1477990320,0.0010865794978225144
1477990380,0.0006375348951964618
1477990440,0.0007486100551308778
1477990500,0.001160721535964599
1477990560,0.0012785878334355548
1477990620,0.001106816726825353
1477990680,0.0008862750058638774
1477990740,0.0012288281759162355
1477990800,0.0008857802650526748
1477990860,0.0005370643129877568
1477990920,0.001162644613017874
1477990980,0.001463106906438017
1477991040,0.0008013680806886537
1477991100,0.0007257498806897112
1477991160,0.0010666743998574797
1477991220,0.0009201531700454524
1477991280,0.0007437228463445962
1477991340,0.001034186858956167
1477991400,0.0011489974457136655
1477991460,0.0006185104959724665
1477991520,0.0008168627699382099
1477991580,0.0014214919025177615
1477991640,0.001002246856759105
1477991700,0.0006380324084596366
1477991760,0.0011584510981139562
1477991820,0.0010363851159696865
1477991880,0.0011512782633865842
1477991940,0.0011769599426677017
1477992000,0.0007589313776763807
1477992060,0.0005324558809009851
1477992120,0.0014042555781430832
1477992180,0.000691687253046588
1477992240,0.0010832453650492034
1477992300,0.0010125268639757927
1477992360,0.0008522836257077917
1477992420,0.0012598306743055474
1477992480,0.0008418474844864853
1477992540,0.0007673384350573201
1477992600,0.0011491996057261735
1477992660,0.0013922714120600968
1477992720,0.001420849728935868
1477992780,0.0014309360252376987
1477992840,0.0012117122810982718
1477992900,0.0013058232710755771
1477992960,0.0014196897845904564
1477993020,0.0016033565787805211
1477993080,0.0013178693033221345
1477993140,0.0022315420145599557
1477993200,0.0010323382498046362
1477993260,0.002633998233059623
1477993320,0.0018962064813224733
1477993380,0.0012791422658934967
1477993440,0.0018457230003127295
1477993500,0.0021662111957662504
1477993560,0.0015534038036734467
1477993620,0.0014056691117472673
1477993680,0.0010000763365464074
1477993740,0.0006945076000959334
1477993800,0.0013469405156160256
1477993860,0.0008842728552248923
1477993920,0.0011444706478490453
1477993980,0.0010109526677078355
1477994040,0.0008155118006717988
1477994100,0.0009750524731731151
1477994160,0.001237568453312515
1477994220,0.0007125746302150208
1477994280,0.0008891618084936588
1477994340,0.0005950540298736789
1477994400,0.00055481820632804
1477994460,0.0009002100963317954
1477994520,0.000508143052576223
1477994580,0.0008795170488965343
1477994640,0.0008177374912382049
1477994700,0.0009477500568761558
1477994760,0.001173108097825769
1477994820,0.0011895564728859206
1477994880,0.0007988016788006186
1477994940,0.0005983573214482336
1477995000,0.0008816514695387313
1477995060,0.0010635267338689545
1477995120,0.0009074865985312966
1477995180,0.0006953779260367852
1477995240,0.0008768616588145503
1477995300,0.00107484158910419
1477995360,0.0007577451048331861
1477995420,0.0009501374317654159
1477995480,0.0009677815340462476
1477995540,0.0007224911024576576
1477995600,0.0009535126798099881
1477995660,0.0008028796283805446
1477995720,0.0012205416914566369
1477995780,0.0009382288749315373
1477995840,0.0007786537499523623
1477995900,0.0011195585745382795
1477995960,0.0006968056886051049
1477996020,0.0008600829987787677
1477996080,0.0003164158989917173
1477996140,0.0009290217869264203
1477996200,0.0007398760384801934
1477996260,0.0008648793317635323
1477996320,0.0008575907409027154
1477996380,0.001013962817872952
1477996440,0.0007881839945468054
1477996500,0.0009427852747426078
1477996560,0.0008658397510206474
1477996620,0.0011914399496996335
1477996680,0.0009928048097182203
1477996740,0.000997761686112533
1477996800,0.0009652112990933327
1477996860,0.0010710332224077056
1477996920,0.0012274656466931715
1477996980,0.0006884973125978336
1477997040,0.0012030198712007461
1477997100,0.001161974701912861
1477997160,0.0006262858078704149
1477997220,0.0005630714040162532
1477997280,0.0010192652838950872
1477997340,0.0009186218735408927
1477997400,0.0009314926721276566
1477997460,0.0007565364800785442
1477997520,0.0010138906855040734
1477997580,0.0010685851437225679
1477997640,0.0012048740881756223
1477997700,0.0011416536969625173
1477997760,0.0010718716021098104
1477997820,0.0009440927467126091
1477997880,0.0007794978077783551
1477997940,0.0006814282447991189
1477998000,0.0005836375806026928
1477998060,0.0008677037375613406
1477998120,0.0007814770156919085
1477998180,0.0009990838612802086
1477998240,0.000940288594678025
1477998300,0.0008147564363278685
1477998360,0.0013645491419268488
1477998420,0.0009861895665466817
1477998480,0.0008929697330230266
1477998540,0.0007091207789312635
1477998600,0.0009627186439340199
1477998660,0.0012075746624542927
1477998720,0.0008705061863042622
1477998780,0.0009419216949532244
1477998840,0.000992936957698182
1477998900,0.0010148966337710256
1477998960,0.0006360307149241832
1477999020,0.001230357492131887
1477999080,0.0012483273655452631
1477999140,0.001172744859444592
1477999200,0.0009354648127102006
1477999260,0.0008552535344439289
1477999320,0.0008007353886271077
1477999380,0.0008924804223556632
1477999440,0.0011739708951592595
1477999500,0.0010187780162214243
1477999560,0.0008046705975907142
1477999620,0.0011820169497155251
1477999680,0.0007560936626672834
1477999740,0.001147468387290358
1477999800,0.0010645599616893
1477999860,0.0012068951816306822
1477999920,0.0012347338445388369
1477999980,0.0009393077058986585
1478000040,0.0010272317749547594
1478000100,0.0009942346015056442
1478000160,0.0007191337460647122
1478000220,0.001262328226931667
1478000280,0.0008483824132747567
1478000340,0.0008709547581172859
1478000400,0.0009507045380848789
1478000460,0.0009758801595468563
1478000520,0.0010713219359477306
1478000580,0.002024779926204832
1478000640,0.0006272385282494531
1478000700,0.0008494678222889475
1478000760,0.001069872001930891
1478000820,0.0011383504508293736
1478000880,0.0010659879113088262
1478000940,0.001105188635348759
1478001000,0.0013914470311212942
1478001060,0.000836523798382899
1478001120,0.0010099697593521988
1478001180,0.0012793442464268626
1478001240,0.0009403816975999622
1478001300,0.0010084460717462375
1478001360,0.0013962307691648074
1478001420,0.0007970026303880911
1478001480,0.0010921116251343941
1478001540,0.0010641781989540666
1478001600,0.0010849500709656775
1478001660,0.0009974717934242217
1478001720,0.0011645591550775215
1478001780,0.0010465166861947117
1478001840,0.0008505603247870827
1478001900,0.0009208736603431242
1478001960,0.0008473023418281619
1478002020,0.0010966187295226933
1478002080,0.0008911458510172191
1478002140,0.0012788893623337143
1478002200,0.0006312118250774189
1478002260,0.0004777726333018688
1478002320,0.0006171089357175565
1478002380,0.0013188951718534371
1478002440,0.0015421257448302265
1478002500,0.0009229810641669259
1478002560,0.0012524203651176672
1478002620,0.0010501674037531794
1478002680,0.0013597674542979226
1478002740,0.0012372529496972589
1478002800,0.0015479245502839755
1478002860,0.0014823668723899766
1478002920,0.0008418076624152602
1478002980,0.000965301955248983
1478003040,0.0011338766311911697
1478003100,0.0010321996304477068
1478003160,0.0013500404697433192
1478003220,0.0014125718190644435
1478003280,0.0014418478991155093
1478003340,0.0011760340656169694
1478003400,0.0008051774283308611
1478003460,0.0012949337765830284
1478003520,0.0015182197222992865
1478003580,0.0018377573431281032
1478003640,0.0016252696749137195
1478003700,0.0008640990409922499
1478003760,0.001114937413718572
1478003820,0.0010951085035533702
1478003880,0.0016312915178970837
1478003940,0.000791940315739683
1478004000,0.0010107363378885766
1478004060,0.0008827818575239922
1478004120,0.000976793130279909
1478004180,0.001001355445879093
1478004240,0.0014584056259432324
1478004300,0.0011564798087375318
1478004360,0.0016658713416025696
1478004420,0.001347503333064783
1478004480,0.001440667242420809
1478004540,0.0009842439616371064
1478004600,0.0014090580454936205
1478004660,0.0014752115580118506
1478004720,0.0013794369954955425
1478004780,0.0011612944319856222
1478004840,0.0017788974242450898
1478004900,0.0015082296218509438
1478004960,0.0012632242546373235
1478005020,0.0014505842322888017
1478005080,0.0011465113416242755
1478005140,0.0008267844778395749
1478005200,0.0007916206275915225
1478005260,0.0012130513598326397
1478005320,0.0008530111300435069
1478005380,0.0011579674649849023
1478005440,0.0011038944751143322
1478005500,0.0013704113746448828
1478005560,0.0010820449766303615
1478005620,0.0007618218225755665
1478005680,0.0009277696962076211
1478005740,0.0011113709623159769
1478005800,0.0011073833727913225
1478005860,0.0012625549398945395
1478005920,0.0012049362602017484
1478005980,0.001106224335263693
1478006040,0.001862466982573954
1478006100,0.0010582449563230106
1478006160,0.0012403344957498913
1478006220,0.0012969009211281843
1478006280,0.001840749240374117
1478006340,0.0009285680906020174
1478006400,0.0015638401092646962
1478006460,0.0010041424502313264
1478006520,0.0012011282110475122
1478006580,0.0013972445592432914
1478006640,0.0018071191406035492
1478006700,0.0008610036187741546
1478006760,0.0015021182103943478
1478006820,0.001053837103562854
1478006880,0.0008707372157903671
1478006940,0.0010022203562888392
1478007000,0.0015197018315473948
1478007060,0.001238600344350993
1478007120,0.001081961370600416
1478007180,0.0007421718602171822
1478007240,0.001106704779203201
1478007300,0.001421032308189618
1478007360,0.0012242989710651124
1478007420,0.0013895641237884017
1478007480,0.0011211108630074147
1478007540,0.0011964301473323985
1478007600,0.001603802270840357
1478007660,0.001709976783724771
1478007720,0.001303727933794232
1478007780,0.0010937129147722596
1478007840,0.0011572319100381678
1478007900,0.0009276965101545911
1478007960,0.0011535288114126853
1478008020,0.0020417338364248083
1478008080,0.0008618566670969608
1478008140,0.0012591023978350247
1478008200,0.0013236516102598317
1478008260,0.0011697061235659528
1478008320,0.0017039490536357301
1478008380,0.0011459934900970626
1478008440,0.0014216914252516237
1478008500,0.0014325381430763508
1478008560,0.0013591916160403876
1478008620,0.0013616500652296503
1478008680,0.0015061300549667304
1478008740,0.001594528950484686
1478008800,0.0009908277998535735
1478008860,0.0009059794435093907
1478008920,0.0005421089554055087
1478008980,0.0011314196441862747
1478009040,0.0012745698724925627
1478009100,0.0012577182245981965
1478009160,0.0008028723169350479
1478009220,0.0013533014093224374
1478009280,0.001322081777877039
1478009340,0.001342341070153649
1478009400,0.0013059671484396177
1478009460,0.0013470000422036198
1478009520,0.0012929419400050349
1478009580,0.0013021081403488644
1478009640,0.0012376700825622953
1478009700,0.0012011575116532918
1478009760,0.0010546152381940986
1478009820,0.0011998615742904405
1478009880,0.0011891769824374726
1478009940,0.0013144939335926098
1478010000,0.0015810685655965864
1478010060,0.0009933128779459556
1478010120,0.0007973379681250981
1478010180,0.001359851024926772
1478010240,0.0007676035826068168
1478010300,0.0013817921013042247
1478010360,0.0014048423782459852
1478010420,0.0010533975658296502
1478010480,0.0012812316633671811
1478010540,0.0010924898228071459
1478010600,0.0008764731360645114
1478010660,0.0007234358107469972
1478010720,0.001721105382241053
1478010780,0.0017971259061042618
1478010840,0.0017869921226878018
1478010900,0.0021967324869493527
1478010960,0.0013425787302256218
1478011020,0.0014046644843592267
1478011080,0.0020125481889527253
1478011140,0.001962525668581129
1478011200,0.0020700061978483034
1478011260,0.0015348587518821974
1478011320,0.0007378991485845691
1478011380,0.0025616969531611048
1478011440,0.0009350882683528321
1478011500,0.0018943429174353291
1478011560,0.001873498425245353
1478011620,0.0009933990716758552
1478011680,0.0013199410617277165
1478011740,0.0022997656321569566
1478011800,0.0017863823392260086
1478011860,0.002090374359299502
1478011920,0.0016544802865386472
1478011980,0.0019518330422788363
1478012040,0.0013950109118314236
1478012100,0.0014636271553379924
1478012160,0.001319980879487406
1478012220,0.0008724731258256906
1478012280,0.002088893433668915
1478012340,0.001203650584042725
1478012400,0.0011609101174005283
1478012460,0.0013035307440695568
1478012520,0.0010203786018944277
1478012580,0.0010526595098489422
1478012640,0.0015721163257053372
1478012700,0.0017600943537637147
1478012760,0.0016753140404810775
1478012820,0.001268937256258889
1478012880,0.0011414629750823011
1478012940,0.001462759351850104
1478013000,0.0003820226435153438
1478013060,0.0017487216516631644
1478013120,0.001173813491513861
1478013180,0.0013911342572330628
1478013240,0.0016141327313414489
1478013300,0.001368280469450604
1478013360,0.0016873495338790973
1478013420,0.0015409938500462136
1478013480,0.001251021908589143
1478013540,0.001171565688173235
1478013600,0.0017203085822937792
1478013660,0.0011802734850864971
1478013720,0.0011987835311043364
1478013780,0.0006702383481616294
1478013840,0.001231989760204255
1478013900,0.0012443767965425307
1478013960,0.0027351669690375167
1478014020,0.002151798735918332
1478014080,0.0015770993313708199
1478014140,0.0016382166519165679
1478014200,0.0015058886393979128
1478014260,0.0012773113685674551
1478014320,0.0018183882873431683
1478014380,0.0014223792691376697
1478014440,0.00048603330502024276
1478014500,0.0014368694363765186
1478014560,0.001101658181848408
1478014620,0.0011240077359140955
1478014680,0.0023387607625500284
1478014740,0.0012702349353421456
1478014800,0.001600506431047422
1478014860,0.0019116739064056185
1478014920,0.0013281459457702978
1478014980,0.0020024135177220408
1478015040,0.0014142438556226894
1478015100,0.0015732847189973947
1478015160,0.0014982227921610603
1478015220,0.0011322781817934132
1478015280,0.001749068870370863
1478015340,0.0018341161975713941
1478015400,0.0008987505448436616
1478015460,0.0005278166145717738
1478015520,0.0021357589112566714
1478015580,0.0027298477752754373
1478015640,0.0015625120335264614
1478015700,0.0017800274894400306
1478015760,0.0008008153082701227
1478015820,0.0029020346228571547
1478015880,0.0013265341982248873
1478015940,0.0014381364740903883
1478016000,1.565677492666803e-06
1478016060,2.365039173378898e-06
1478016120,9.931390605847739e-07
1478016180,2.142134564825753e-06
1478016240,7.564107923266979e-07
1478016300,1.1320803594544418e-06
1478016360,2.7928571008877564e-06
1478016420,3.8447918895043485e-06
1478016480,1.5609115010408832e-06
1478016540,8.350023563252762e-07
1478016600,1.2763262707359937e-06
1478016720,2.7170209115014432e-06
1478016780,1.4718033546665894e-06
1478016840,1.4588409744581018e-06
1478016900,1.2827570143359146e-06
1478016960,4.394077030296919e-06
1478017080,2.9698597149228207e-06
